dB_65_cm,RMS_65_cm,X_cm,Y_cm,Circle,Side,Position,Depth,Ambient,PA,X_acc_ms^-2,Y_acc_ms^-2,Z_acc_ms^-2,X_RMS_V,Y_RMS_V,Z_RMS_V
106,1.138754471,77,77,Center,L,0,Bottom,TRUE,-46.98295428,0.003175144228,0.003154119122,3.29E-05,0.003267223411,0.003264513291,3.40E-05
157,439.0047371,77,77,Center,L,0,Bottom,FALSE,2.820543079,1.288887952,0.50322927,0.004843839368,1.326265703,0.5208422945,0.005013373746
101,0.646134843,77,77,Center,L,0,Middle,TRUE,-35.07656523,0.01671315362,0.005600026584,0.0001085787711,0.01719783507,0.005796027514,0.0001123790281
157,406.7803993,77,77,Center,L,0,Middle,FALSE,-6.577231455,0.4620347308,0.08030266375,0.001237357693,0.475433738,0.08311325698,0.001280665212
95,0.3529983885,77,77,Center,L,0,Top,TRUE,-50.18011202,0.002641782471,0.001614543539,8.94E-05,0.002718394163,0.001671052563,9.25E-05
156,362.9730806,77,77,Center,L,0,Top,FALSE,-5.600423691,0.522820223,0.04532616356,0.0007450432528,0.5379820095,0.04691257928,0.0007711197666
106,1.169163698,357.5,143.6839561,Outer,R,1,Bottom,TRUE,-11.00048905,0.2484616132,0.1330057971,0.0004048309179,0.255667,0.137661,0.000419
93,0.2633839514,338.25,43.65802195,Inner,R,5,Top,TRUE,-12.44635315,0.1608172983,0.1762676329,0.0007739130435,0.165481,0.182437,0.000801
101,0.7060180633,299.75,43.65802195,Inner,R,7,Bottom,TRUE,-18.06908502,0.1127813411,0.05365700483,0.0003256038647,0.116052,0.055535,0.000337
102,0.76770873,385.6839561,115.5,Outer,R,2,Top,TRUE,-22.93908268,0.0649776482,0.0293352657,0.0001236714976,0.066862,0.030362,0.000128
100,0.5794824905,252.3160439,115.5,Outer,R,10,Bottom,TRUE,-27.21661721,0.0354324587,0.02535169082,0.0001285024155,0.03646,0.026239,0.000133
100,0.5901552088,252.3160439,115.5,Outer,R,10,Top,TRUE,-30.75743768,0.0274548105,0.009283091787,0.0001140096618,0.028251,0.009608,0.000118
109,1.759654897,96.25,110.341978,Inner,L,1,Bottom,TRUE,-43.89430291,0.005610301263,0.003052173913,1.60E-05,0.005773,0.003159,1.66E-05
150,185.3162547,96.25,110.341978,Inner,L,1,Bottom,FALSE,-14.71948961,0.1651584062,0.08033816425,0.001084057971,0.169948,0.08315,0.001122
119,5.231345917,252.3160439,115.5,Outer,R,10,Top,FALSE,-31.10959286,0.02639164237,0.008831884058,0.000115942029,0.027157,0.009141,0.00012
114,3.073327445,338.25,43.65802195,Inner,R,5,Middle,FALSE,-32.90476527,0.02002137998,0.01055652174,5.61E-05,0.020602,0.010926,5.81E-05
108,1.438462323,115.5,143.6839561,Outer,L,1,Bottom,TRUE,-29.13760027,0.03206882121,0.01382914923,9.32E-05,0.03299881702,0.01431316945,9.65E-05
135,33.10557164,115.5,143.6839561,Outer,L,1,Bottom,FALSE,-19.4859259,0.09602576015,0.04511263151,0.0007130458224,0.09881050719,0.04669157361,0.0007380024262
115,3.318802942,338.25,110.341978,Inner,R,1,Bottom,FALSE,-35.55710799,0.01600388727,0.004693719807,3.29E-05,0.016468,0.004858,3.40E-05
116,3.787016569,252.3160439,38.5,Outer,R,8,Bottom,FALSE,-35.61991009,0.01615549077,0.00362705314,8.77E-05,0.016624,0.003754,9.08E-05
106,1.192409223,115.5,143.6839561,Outer,L,1,Middle,TRUE,-50.18197372,0.002375470006,0.001981416822,0.000144141521,0.002444358636,0.002050766411,0.0001491864742
110,2.012240482,96.25,110.341978,Inner,L,1,Middle,TRUE,-47.13667184,0.00329154519,0.002914975845,5.60E-05,0.003387,0.003017,5.80E-05
151,223.2073535,96.25,110.341978,Inner,L,1,Middle,FALSE,-10.79238691,0.253563654,0.1379323671,0.001564251208,0.260917,0.14276,0.001619
112,2.416284985,299.75,110.341978,Inner,R,11,Bottom,FALSE,-35.74434066,0.01536345967,0.005512077295,2.38E-05,0.015809,0.005705,2.46E-05
124,9.462521358,385.6839561,115.5,Outer,R,2,Bottom,FALSE,-36.33350932,0.01329348882,0.007476328502,9.35E-05,0.013679,0.007738,9.68E-05
107,1.323656445,319,115.5,Inner,R,12,Top,FALSE,-37.65016895,0.01155490768,0.006185507246,8.81E-05,0.01189,0.006402,9.12E-05
116,3.709450186,319,115.5,Inner,R,12,Middle,FALSE,-37.70060724,0.01254324587,0.003530434783,6.03E-05,0.012907,0.003654,6.24E-05
147,130.5237744,115.5,143.6839561,Outer,L,1,Middle,FALSE,-20.34586912,0.09161097741,0.0289898719,0.001228747726,0.09426769576,0.03000451742,0.001271753896
120,6.124995235,252.3160439,115.5,Outer,R,10,Bottom,FALSE,-37.70512676,0.01192322643,0.005239613527,8.44E-05,0.012269,0.005423,8.74E-05
116,3.839051141,280.5,143.6839561,Outer,R,11,Bottom,FALSE,-37.78043321,0.01231000972,0.00389468599,5.63E-05,0.012667,0.004031,5.83E-05
98,0.5040440782,115.5,143.6839561,Outer,L,1,Top,TRUE,-48.4728398,0.003015102192,0.002263384278,1.55E-05,0.003102540156,0.002342602728,1.61E-05
107,1.275392996,96.25,110.341978,Inner,L,1,Top,TRUE,-45.36949454,0.004210884354,0.003363285024,1.93E-05,0.004333,0.003481,2.00E-05
151,206.9968863,96.25,110.341978,Inner,L,1,Top,FALSE,-13.94649924,0.1812993197,0.08621932367,0.0009816425121,0.186557,0.089237,0.001016
119,5.180360608,357.5,143.6839561,Outer,R,1,Bottom,FALSE,-37.96741318,0.01126724976,0.005720772947,6.96E-05,0.011594,0.005921,7.20E-05
116,3.970675163,280.5,143.6839561,Outer,R,11,Middle,FALSE,-38.11073905,0.01145092323,0.004834782609,1.96E-05,0.011783,0.005004,2.03E-05
140,62.87113796,115.5,143.6839561,Outer,L,1,Top,FALSE,-17.00818352,0.1344892996,0.04273425278,0.001213774352,0.1383894893,0.04422995163,0.001256256454
99,0.5452802142,110.341978,96.25,Inner,L,2,Bottom,TRUE,-45.33413351,0.004448979592,0.003080193237,6.36E-06,0.004578,0.003188,6.58E-06
151,202.4627602,110.341978,96.25,Inner,L,2,Bottom,FALSE,-13.68553725,0.1957638484,0.06689855072,0.001160386473,0.201441,0.06924,0.001201
115,3.237703484,252.3160439,115.5,Outer,R,10,Middle,FALSE,-38.14486875,0.01057628766,0.006436714976,2.43E-05,0.010883,0.006662,2.52E-05
96,0.3620924009,319,38.5,Inner,R,6,Middle,TRUE,-38.34819734,0.01086880466,0.00530531401,3.39E-05,0.011184,0.005491,3.51E-05
100,0.6115998776,143.6839561,115.5,Outer,L,2,Bottom,TRUE,-50.18234202,0.002375121477,0.001981642512,1.44E-04,0.002444,0.002051,1.49E-04
115,3.214587964,252.3160439,38.5,Outer,R,8,Middle,FALSE,-38.93430771,0.01010495627,0.005069565217,2.57E-05,0.010398,0.005247,2.66E-05
114,3.060368968,252.3160439,38.5,Outer,R,8,Top,FALSE,-39.09028885,0.01036831876,0.003974879227,2.42E-05,0.010669,0.004114,2.50E-05
142,76.32969777,143.6839561,115.5,Outer,L,2,Bottom,FALSE,-20.34583065,0.09161127308,0.02899033816,0.001228985507,0.094268,0.030005,0.001272
117,4.455710432,385.6839561,115.5,Outer,R,2,Middle,FALSE,-39.23389579,0.008479105928,0.006884057971,7.91E-05,0.008725,0.007125,8.19E-05
121,6.746661636,319,77,Center,R,0,Bottom,FALSE,-39.27082702,0.00843148688,0.006869565217,2.71E-05,0.008676,0.00711,2.80E-05
104,0.9751415527,143.6839561,115.5,Outer,L,2,Middle,TRUE,-48.4714853,0.003015549077,0.002263768116,1.56E-05,0.003103,0.002343,1.61E-05
96,0.3989460309,110.341978,96.25,Inner,L,2,Middle,TRUE,-47.12599375,0.003616132167,0.002511111111,0,0.003721,0.002599,0
148,142.9942552,110.341978,96.25,Inner,L,2,Middle,FALSE,-9.347697045,0.3120048591,0.1373227053,0.001381642512,0.321053,0.142129,0.00143
114,2.944771476,357.5,143.6839561,Outer,R,1,Middle,FALSE,-39.43250546,0.009648202138,0.004568115942,6.11E-05,0.009928,0.004728,6.32E-05
116,3.796560878,385.6839561,115.5,Outer,R,2,Top,FALSE,-39.48183182,0.009406219631,0.00491884058,1.58E-05,0.009679,0.005091,1.64E-05
145,111.0036473,143.6839561,115.5,Outer,L,2,Middle,FALSE,-17.00821067,0.1344888241,0.04273429952,0.00121352657,0.138389,0.04423,0.001256
113,2.659507086,338.25,110.341978,Inner,R,1,Top,FALSE,-39.50261764,0.00837414966,0.00648115942,4.93E-05,0.008617,0.006708,5.10E-05
114,3.027411289,357.5,10.31604391,Outer,R,5,Bottom,FALSE,-39.75273133,0.009152575316,0.004699516908,6.07E-05,0.009418,0.004864,6.28E-05
104,0.9432439285,143.6839561,115.5,Outer,L,2,Top,TRUE,-44.50000391,0.003624878523,0.004726570048,3.31E-05,0.00373,0.004892,3.43E-05
100,0.579955448,110.341978,96.25,Inner,L,2,Top,TRUE,-33.89241085,0.01935568513,0.005783574879,2.23E-05,0.019917,0.005986,2.31E-05
149,178.976005,110.341978,96.25,Inner,L,2,Top,FALSE,-13.49827161,0.2089863946,0.03176231884,0.001407729469,0.215047,0.032874,0.001457
112,2.493641329,319,38.5,Inner,R,6,Bottom,FALSE,-39.75727986,0.009732750243,0.003319806763,2.05E-05,0.010015,0.003436,2.12E-05
110,1.927214174,319,38.5,Inner,R,6,Top,FALSE,-39.87893831,0.009300291545,0.00404057971,7.11E-05,0.00957,0.004182,7.36E-05
138,49.97362305,143.6839561,115.5,Outer,L,2,Top,FALSE,-19.45760737,0.1031341108,0.02632753623,0.0006782608696,0.106125,0.027249,0.000702
106,1.247950186,115.5,77,Inner,L,3,Bottom,TRUE,-14.35988181,0.1820029155,0.05932560386,0.0004077294686,0.187281,0.061402,0.000422
152,235.8058614,115.5,77,Inner,L,3,Bottom,FALSE,-15.07722409,0.175249757,0.01873236715,0.001437681159,0.180332,0.019388,0.001488
114,3.135048095,242,77,Outer,R,9,Top,FALSE,-39.90074571,0.009343051506,0.003875362319,2.62E-05,0.009614,0.004011,2.71E-05
91,0.2094231288,319,115.5,Inner,R,12,Top,TRUE,-39.94360151,0.005890184645,0.008161352657,7.17E-05,0.006061,0.008447,7.42E-05
109,1.668329589,154,77,Outer,L,3,Bottom,TRUE,-44.5925425,0.005,0.003119806763,9.05E-06,0.005145,0.003229,9.37E-06
149,168.4444383,154,77,Outer,L,3,Bottom,FALSE,-15.59450693,0.1631788144,0.03080193237,0.001029951691,0.167911,0.03188,0.001066
116,3.851300837,357.5,10.31604391,Outer,R,5,Top,FALSE,-40.13211675,0.00910787172,0.003747826087,6.46E-05,0.009372,0.003879,6.69E-05
118,4.970795681,242,77,Outer,R,9,Bottom,FALSE,-40.31227597,0.009099125364,0.003203864734,5.63E-05,0.009363,0.003316,5.83E-05
102,0.7499764567,154,77,Outer,L,3,Middle,TRUE,-44.71932228,0.004147716229,0.004065700483,2.29E-05,0.004268,0.004208,2.37E-05
96,0.4024974658,115.5,77,Inner,L,3,Middle,TRUE,-48.3959498,0.002412050534,0.002941062802,6.77E-06,0.002482,0.003044,7.01E-06
148,143.5018812,115.5,77,Inner,L,3,Middle,FALSE,-12.19245113,0.2446326531,0.02258454106,0.002364251208,0.251727,0.023375,0.002447
118,4.817448295,319,154,Outer,R,12,Bottom,FALSE,-40.34795147,0.008666666667,0.00414589372,3.35E-05,0.008918,0.004291,3.47E-05
114,2.877012074,280.5,10.31604391,Outer,R,7,Top,FALSE,-40.57833884,0.008539358601,0.003822222222,4.27E-05,0.008787,0.003956,4.42E-05
112,2.351758023,280.5,10.31604391,Outer,R,7,Bottom,FALSE,-40.66528558,0.008419825073,0.003859903382,6.75E-05,0.008664,0.003995,6.99E-05
115,3.244271704,242,77,Outer,R,9,Middle,FALSE,-40.79118868,0.008606413994,0.003045410628,2.04E-05,0.008856,0.003152,2.11E-05
153,258.7389159,154,77,Outer,L,3,Middle,FALSE,-13.02262224,0.2214110787,0.02888985507,0.0009198067633,0.227832,0.029901,0.000952
118,5.014977319,357.5,10.31604391,Outer,R,5,Middle,FALSE,-40.8297777,0.007321671526,0.005384541063,8.87E-05,0.007534,0.005573,9.18E-05
109,1.646378475,319,154,Outer,R,12,Middle,TRUE,-40.88628994,0.00856851312,0.002849275362,4.76E-05,0.008817,0.002949,4.93E-05
99,0.5671335152,154,77,Outer,L,3,Top,TRUE,-32.49621597,0.02280855199,0.006526570048,7.31E-05,0.02347,0.006755,7.57E-05
93,0.2735234249,115.5,77,Inner,L,3,Top,TRUE,-43.07875406,0.006522837707,0.002581642512,7.60E-05,0.006712,0.002672,7.87E-05
149,177.610288,115.5,77,Inner,L,3,Top,FALSE,-15.22678885,0.1720670554,0.02010531401,0.001585507246,0.177057,0.020809,0.001641
115,3.471563527,385.6839561,38.5,Outer,R,4,Top,FALSE,-40.9029039,0.00797473275,0.004199033816,2.17E-05,0.008206,0.004346,2.25E-05
115,3.436861638,280.5,143.6839561,Outer,R,11,Top,FALSE,-40.93537968,0.007965986395,0.004142995169,4.71E-05,0.008197,0.004288,4.88E-05
149,177.912493,154,77,Outer,L,3,Top,FALSE,-12.75751486,0.2293819242,0.01950434783,0.0004183574879,0.236034,0.020187,0.000433
100,0.6371591891,110.341978,57.75,Inner,L,4,Bottom,TRUE,-34.69662156,0.01769582119,0.005095652174,9.58E-06,0.018209,0.005274,9.92E-06
150,187.931672,110.341978,57.75,Inner,L,4,Bottom,FALSE,-15.0113146,0.17504276,0.02996908213,0.001543961353,0.180119,0.031018,0.001598
115,3.278442098,280.5,77,Inner,R,9,Middle,FALSE,-41.04613814,0.008014577259,0.003789371981,2.51E-05,0.008247,0.003922,2.60E-05
115,3.353435274,299.75,43.65802195,Inner,R,7,Bottom,FALSE,-41.24603606,0.008022351798,0.003269565217,0.00009855072464,0.008255,0.003384,0.000102
108,1.474238635,143.6839561,38.5,Outer,L,4,Bottom,TRUE,-48.66680087,0.002972789116,0.002180676329,1.79E-05,0.003059,0.002257,1.85E-05
108,1.521497205,357.5,77,Inner,R,3,Top,FALSE,-41.35019494,0.005346938776,0.006684057971,0.0001130434783,0.005502,0.006918,0.000117
115,3.44168989,319,38.5,Inner,R,6,Middle,FALSE,-41.35428268,0.007918367347,0.003241545894,4.54E-05,0.008148,0.003355,4.70E-05
140,61.02339146,143.6839561,38.5,Outer,L,4,Bottom,FALSE,-21.81995368,0.06614965986,0.04690434783,0.0009236714976,0.068068,0.048546,0.000956
126,11.3663318,385.6839561,38.5,Outer,R,4,Bottom,FALSE,-41.41183153,0.007379008746,0.004218357488,4.69E-05,0.007593,0.004366,4.85E-05
111,2.070987415,280.5,77,Inner,R,9,Top,FALSE,-41.44250717,0.007479105928,0.003974879227,3.62E-05,0.007696,0.004114,3.75E-05
99,0.5612753958,143.6839561,38.5,Outer,L,4,Middle,TRUE,-47.35940428,0.002631681244,0.003382608696,1.07E-05,0.002708,0.003501,1.11E-05
94,0.2900662116,110.341978,57.75,Inner,L,4,Middle,TRUE,-47.12024657,0.00245675413,0.003655072464,0.0001120772947,0.002528,0.003783,0.000116
149,178.9337215,110.341978,57.75,Inner,L,4,Middle,FALSE,-10.83056702,0.278585034,0.07056038647,0.002149758454,0.286664,0.07303,0.002225
115,3.379656201,338.25,110.341978,Inner,R,1,Middle,FALSE,-41.53847419,0.007235179786,0.004221256039,5.79E-05,0.007445,0.004369,5.99E-05
102,0.7460382642,357.5,143.6839561,Outer,R,1,Middle,TRUE,-41.61497028,0.007890184645,0.00258647343,1.31E-05,0.008119,0.002677,1.36E-05
142,78.62297481,143.6839561,38.5,Outer,L,4,Middle,FALSE,-19.33705208,0.08795140914,0.06255072464,0.001058937198,0.090502,0.06474,0.001096
115,3.360547894,319,0,Outer,R,6,Middle,FALSE,-41.63204799,0.006479105928,0.005166183575,7.86E-05,0.006667,0.005347,8.14E-05
116,3.59815771,280.5,77,Inner,R,9,Bottom,FALSE,-41.78845326,0.007602526725,0.002906280193,1.90E-05,0.007823,0.003008,1.97E-05
99,0.5148748641,143.6839561,38.5,Outer,L,4,Top,TRUE,-46.86974805,0.002542274052,0.003754589372,2.93E-08,0.002616,0.003886,3.03E-08
94,0.3154778537,110.341978,57.75,Inner,L,4,Top,TRUE,-50.13218465,0.002162293489,0.002241545894,1.33E-05,0.002225,0.00232,1.38E-05
150,186.4514132,110.341978,57.75,Inner,L,4,Top,FALSE,-13.64616007,0.1933100097,0.07629082126,0.001014492754,0.198916,0.078961,0.00105
112,2.321547209,319,0,Outer,R,6,Top,FALSE,-41.85607315,0.007008746356,0.004010628019,0.0001188405797,0.007212,0.004151,0.000123
112,2.267809347,319,154,Outer,R,12,Middle,FALSE,-41.95260287,0.006991253644,0.003860869565,6.45E-05,0.007194,0.003996,6.68E-05
141,64.47615532,143.6839561,38.5,Outer,L,4,Top,FALSE,-18.8025646,0.1021467444,0.05234879227,0.0006570048309,0.105109,0.054181,0.00068
103,0.8812151261,96.25,43.65802195,Inner,L,5,Bottom,TRUE,-45.61762995,0.003531584062,0.00386763285,6.12E-06,0.003634,0.004003,6.33E-06
152,229.5103221,96.25,43.65802195,Inner,L,5,Bottom,FALSE,-13.92452821,0.1787103984,0.09257777778,0.0007371980676,0.183893,0.095818,0.000763
112,2.54092941,285.658022,57.75,Inner,R,8,Middle,FALSE,-41.95374863,0.007229348882,0.003392270531,1.72E-05,0.007439,0.003511,1.78E-05
116,3.900409894,385.6839561,38.5,Outer,R,4,Middle,FALSE,-42.04371971,0.006909620991,0.003836714976,2.24E-05,0.00711,0.003971,2.32E-05
101,0.69097887,115.5,10.31604391,Outer,L,5,Bottom,TRUE,-48.35586776,0.002181729835,0.003137198068,8.53E-06,0.002245,0.003247,8.83E-06
113,2.757085898,299.75,43.65802195,Inner,R,7,Middle,FALSE,-42.28588657,0.00703595724,0.003093719807,1.55E-05,0.00724,0.003202,1.60E-05
109,1.625452222,299.75,43.65802195,Inner,R,7,Top,FALSE,-42.32268958,0.006617103984,0.003844444444,0.0001082125604,0.006809,0.003979,0.000112
140,63.31888414,115.5,10.31604391,Outer,L,5,Bottom,FALSE,-25.72764601,0.04862682216,0.01756425121,0.001176811594,0.050037,0.018179,0.001218
115,3.425053076,285.658022,57.75,Inner,R,8,Bottom,FALSE,-42.41238616,0.006844509232,0.003244444444,7.99E-05,0.007043,0.003358,8.27E-05
99,0.5492031067,338.25,110.341978,Inner,R,1,Middle,TRUE,-42.53102748,0.006975704568,0.00267826087,1.65E-05,0.007178,0.002772,1.71E-05
99,0.5256374912,115.5,10.31604391,Outer,L,5,Middle,TRUE,-50.71448424,0.002012633625,0.00210531401,0,0.002071,0.002179,0
93,0.2795693491,96.25,43.65802195,Inner,L,5,Middle,TRUE,-46.02356133,0.002258503401,0.004458937198,0,0.002324,0.004615,0
154,303.7410067,96.25,43.65802195,Inner,L,5,Middle,FALSE,-10.58933463,0.2440544218,0.1665758454,0.0006628019324,0.251132,0.172406,0.000686
113,2.673732258,299.75,110.341978,Inner,R,11,Middle,FALSE,-42.53834217,0.006269193392,0.00405410628,3.58E-05,0.006451,0.004196,3.71E-05
110,1.853504309,299.75,110.341978,Inner,R,11,Top,FALSE,-42.59232645,0.006199222546,0.004076328502,6.68E-05,0.006379,0.004219,6.91E-05
144,97.36826953,115.5,10.31604391,Outer,L,5,Middle,FALSE,-22.23864197,0.06388338192,0.04344347826,0.001948792271,0.065736,0.044964,0.002017
117,4.049838454,319,0,Outer,R,6,Bottom,FALSE,-42.66047644,0.006522837707,0.003412560386,3.41E-05,0.006712,0.003532,3.53E-05
112,2.47694113,319,77,Center,R,0,Top,FALSE,-42.68663502,0.006415937804,0.003564251208,2.36E-05,0.006602,0.003689,2.44E-05
100,0.5979566221,115.5,10.31604391,Outer,L,5,Top,TRUE,-48.78245122,0.002937803693,0.00214589372,1.98E-05,0.003023,0.002221,2.05E-05
98,0.5034455778,96.25,43.65802195,Inner,L,5,Top,TRUE,-48.34608803,0.001952380952,0.003289855072,3.27E-06,0.002009,0.003405,3.38E-06
151,210.1687077,96.25,43.65802195,Inner,L,5,Top,FALSE,-13.45432006,0.1898396501,0.0954,0.000645410628,0.195345,0.098739,0.000668
105,1.045644821,252.3160439,115.5,Outer,R,10,Middle,TRUE,-42.6936605,0.006874635569,0.002553623188,4.81E-06,0.007074,0.002643,4.98E-06
117,4.497200683,319,154,Outer,R,12,Top,FALSE,-42.97389559,0.006150631681,0.003547826087,5.95E-05,0.006329,0.003672,6.16E-05
136,36.71566399,115.5,10.31604391,Outer,L,5,Top,FALSE,-22.66384544,0.06887172012,0.02589758454,0.001101449275,0.070869,0.026804,0.00114
101,0.6699804286,77,38.5,Inner,L,6,Bottom,TRUE,-43.74704111,0.00284548105,0.005839613527,2.33E-05,0.002928,0.006044,2.41E-05
153,275.4896234,77,38.5,Inner,L,6,Bottom,FALSE,-13.5241845,0.1961379981,0.07713140097,0.0009690821256,0.201826,0.079831,0.001003
113,2.606664993,338.25,43.65802195,Inner,R,5,Bottom,FALSE,-42.99291025,0.006201166181,0.003426086957,8.99E-05,0.006381,0.003546,9.30E-05
118,4.937402367,319,77,Center,R,0,Middle,FALSE,-43.01153149,0.006062196307,0.003636714976,0.00009951690821,0.006238,0.003764,0.000103
100,0.587520674,77,0,Outer,L,6,Bottom,TRUE,-51.45880834,0.002069970845,0.00169178744,0,0.00213,0.001751,0
140,58.37762291,77,0,Outer,L,6,Bottom,FALSE,-21.13947693,0.08248104956,0.02974009662,0.002152657005,0.084873,0.030781,0.002228
115,3.498787933,357.5,143.6839561,Outer,R,1,Top,FALSE,-43.01536573,0.006335276968,0.003131400966,1.75E-05,0.006519,0.003241,1.81E-05
113,2.823519907,357.5,77,Inner,R,3,Middle,FALSE,-43.1932832,0.006254616132,0.002969082126,3.77E-05,0.006436,0.003073,3.90E-05
103,0.8860948437,77,0,Outer,L,6,Middle,TRUE,-52.41608552,0.001906705539,0.001448309179,0,0.001962,0.001499,0
98,0.4657211709,77,38.5,Inner,L,6,Middle,TRUE,-50.52498317,0.002474246842,0.001655072464,1.50E-05,0.002546,0.001713,1.55E-05
155,351.4811383,77,38.5,Inner,L,6,Middle,FALSE,-8.908044104,0.3364169096,0.1241333333,0.001068599034,0.346173,0.128478,0.001106
109,1.712376854,285.658022,57.75,Inner,R,8,Top,FALSE,-43.20252216,0.005998056365,0.003443478261,3.16E-05,0.006172,0.003564,3.27E-05
108,1.460197829,352.341978,57.75,Inner,R,4,Top,FALSE,-43.32997504,0.005087463557,0.0045352657,2.96E-05,0.005235,0.004694,3.06E-05
110,1.841901401,338.25,43.65802195,Inner,R,5,Top,FALSE,-43.54592246,0.005645286686,0.003510144928,9.02E-05,0.005809,0.003633,9.34E-05
113,2.565341344,285.658022,96.25,Inner,R,10,Middle,FALSE,-43.57542053,0.005281827017,0.004,4.05E-05,0.005435,0.00414,4.19E-05
148,150.0442229,77,0,Outer,L,6,Middle,FALSE,-15.00186616,0.1738571429,0.03711400966,0.002331400966,0.178899,0.038413,0.002413
116,3.726744123,285.658022,96.25,Inner,R,10,Bottom,FALSE,-43.76415738,0.005637512148,0.003200966184,6.84E-05,0.005801,0.003313,7.08E-05
121,6.495704659,396,77,Outer,R,3,Top,FALSE,-43.76616706,0.005665694849,0.003147826087,6.37E-05,0.00583,0.003258,6.59E-05
99,0.5592417129,77,0,Outer,L,6,Top,TRUE,-50.92925679,0.002120505345,0.001890821256,4.45E-05,0.002182,0.001957,4.61E-05
97,0.433792493,77,38.5,Inner,L,6,Top,TRUE,-48.65024384,0.002620019436,0.002603864734,2.13E-05,0.002696,0.002695,2.20E-05
152,250.3523121,77,38.5,Inner,L,6,Top,FALSE,-12.74407948,0.2159319728,0.08083091787,0.0007826086957,0.222194,0.08366,0.00081
115,3.251697127,396,77,Outer,R,3,Middle,FALSE,-43.79987592,0.005058309038,0.004012560386,3.16E-05,0.005205,0.004153,3.27E-05
115,3.375561807,280.5,10.31604391,Outer,R,7,Middle,FALSE,-43.86345553,0.005224489796,0.003713043478,1.69E-05,0.005376,0.003843,1.75E-05
138,48.13963761,77,0,Outer,L,6,Top,FALSE,-17.04606435,0.1370544218,0.0309352657,0.001097584541,0.141029,0.032018,0.001136
98,0.505929345,57.75,43.65802195,Inner,L,7,Bottom,TRUE,-49.80251864,0.002447035957,0.002115942029,4.35E-06,0.002518,0.00219,4.50E-06
152,236.3989746,57.75,43.65802195,Inner,L,7,Bottom,FALSE,-13.07104043,0.2160310982,0.05133623188,0.0008502415459,0.222296,0.053133,0.00088
115,3.561307097,357.5,77,Inner,R,3,Bottom,FALSE,-43.86503413,0.005459669582,0.003354589372,7.80E-05,0.005618,0.003472,8.07E-05
93,0.2645642713,357.5,77,Inner,R,3,Top,TRUE,-43.899062,0.002827016521,0.005722705314,7.38E-05,0.002909,0.005923,7.64E-05
107,1.316129991,38.5,10.31604391,Outer,L,7,Bottom,TRUE,-50.6784418,0.00249271137,0.001529468599,2.92E-05,0.002565,0.001583,3.02E-05
118,4.645532395,396,77,Outer,R,3,Bottom,FALSE,-43.94839415,0.005079689018,0.003804830918,8.14E-05,0.005227,0.003938,8.42E-05
112,2.435492437,352.341978,57.75,Inner,R,4,Middle,FALSE,-43.95952722,0.00548202138,0.003182608696,4.36E-05,0.005641,0.003294,4.51E-05
141,66.80983027,38.5,10.31604391,Outer,L,7,Bottom,FALSE,-23.82513057,0.05762487852,0.02866570048,0.001514009662,0.059296,0.029669,0.001567
109,1.725090962,285.658022,96.25,Inner,R,10,Top,FALSE,-44.64803119,0.005056365403,0.002953623188,4.00E-05,0.005203,0.003057,4.14E-05
96,0.3870250905,285.658022,57.75,Inner,R,8,Top,TRUE,-44.90425984,0.005017492711,0.002674396135,3.65E-06,0.005163,0.002768,3.78E-06
100,0.5808511657,38.5,10.31604391,Outer,L,7,Middle,TRUE,-50.64791893,0.002243926142,0.00189178744,0,0.002309,0.001958,0
101,0.6520562422,57.75,43.65802195,Inner,L,7,Middle,TRUE,-51.35226948,0.002044703596,0.00177294686,1.62E-05,0.002104,0.001835,1.68E-05
152,229.539029,57.75,43.65802195,Inner,L,7,Middle,FALSE,-9.909275485,0.2840816327,0.1463130435,0.001049275362,0.29232,0.151434,0.001086
110,1.887029796,352.341978,96.25,Inner,R,2,Top,FALSE,-44.91615101,0.004766763848,0.003084057971,7.61E-05,0.004905,0.003192,7.88E-05
104,1.008139318,319,154,Outer,R,12,Bottom,TRUE,-44.99792793,0.004888241011,0.002782608696,7.52E-06,0.00503,0.00288,7.78E-06
147,131.1101986,38.5,10.31604391,Outer,L,7,Middle,FALSE,-19.19431613,0.09913896987,0.04696135266,0.002117874396,0.102014,0.048605,0.002192
92,0.2378575327,352.341978,57.75,Inner,R,4,Top,TRUE,-45.35193624,0.003406219631,0.004190338164,0,0.003505,0.004337,0
106,1.146425621,280.5,143.6839561,Outer,R,11,Bottom,TRUE,-45.37586602,0.004914480078,0.002201932367,2.02E-05,0.005057,0.002279,2.09E-05
102,0.7597351423,38.5,10.31604391,Outer,L,7,Top,TRUE,-50.48528825,0.002283770651,0.001930434783,2.38E-05,0.00235,0.001998,2.46E-05
92,0.2526929256,57.75,43.65802195,Inner,L,7,Top,TRUE,-52.45197848,0.001770651118,0.001597101449,0,0.001822,0.001653,0
151,211.2765168,57.75,43.65802195,Inner,L,7,Top,FALSE,-13.22618883,0.2091185617,0.06199613527,0.001077294686,0.215183,0.064166,0.001115
114,3.163643005,352.341978,57.75,Inner,R,4,Bottom,FALSE,-45.55591111,0.004378036929,0.002942028986,2.40E-05,0.004505,0.003045,2.48E-05
116,3.977146875,352.341978,96.25,Inner,R,2,Bottom,FALSE,-45.57485683,0.004164237123,0.003218357488,5.92E-05,0.004285,0.003331,6.13E-05
142,73.69791733,38.5,10.31604391,Outer,L,7,Top,FALSE,-19.88732829,0.09802623907,0.02554492754,0.001069565217,0.100869,0.026439,0.001107
98,0.4532231536,43.65802195,57.75,Inner,L,8,Bottom,TRUE,-50.42451234,0.002369290573,0.001857971014,5.64E-05,0.002438,0.001923,5.84E-05
148,154.7542844,43.65802195,57.75,Inner,L,8,Bottom,FALSE,-13.64733654,0.1996637512,0.05754589372,0.001112077295,0.205454,0.05956,0.001151
98,0.472124648,319,0,Outer,R,6,Top,TRUE,-45.62526059,0.004510204082,0.002651207729,0.0001082125604,0.004641,0.002744,0.000112
94,0.3171934462,280.5,77,Inner,R,9,Top,TRUE,-45.64902347,0.002394557823,0.004636714976,1.01E-05,0.002464,0.004799,1.05E-05
102,0.7643141243,10.31604391,38.5,Outer,L,8,Bottom,TRUE,-49.50496609,0.002184645287,0.0025352657,8.43E-05,0.002248,0.002624,8.73E-05
113,2.739353257,319,115.5,Inner,R,12,Bottom,FALSE,-45.77539902,0.004081632653,0.003127536232,0.0001043478261,0.0042,0.003237,0.000108
114,3.12425447,385.6839561,115.5,Outer,R,2,Bottom,TRUE,-46.32867613,0.003969873664,0.002742995169,6.40E-05,0.004085,0.002839,6.62E-05
135,32.94659522,10.31604391,38.5,Outer,L,8,Bottom,FALSE,-25.35842431,0.05014965986,0.01989758454,0.0009333333333,0.051604,0.020594,0.000966
112,2.490240048,352.341978,96.25,Inner,R,2,Middle,FALSE,-46.51130258,0.003668610301,0.002977777778,5.62E-05,0.003775,0.003082,5.82E-05
96,0.3647100458,338.25,43.65802195,Inner,R,5,Middle,TRUE,-46.62980436,0.003300291545,0.00329178744,1.42E-05,0.003396,0.003407,1.47E-05
102,0.7754879399,10.31604391,38.5,Outer,L,8,Middle,TRUE,-51.28919927,0.002022351798,0.001828019324,0,0.002081,0.001892,0
97,0.4308029183,43.65802195,57.75,Inner,L,8,Middle,TRUE,-50.86906258,0.002213799806,0.001812560386,1.14E-05,0.002278,0.001876,1.18E-05
148,144.4628084,43.65802195,57.75,Inner,L,8,Middle,FALSE,-12.45857783,0.2296180758,0.06360386473,0.001771014493,0.236277,0.06583,0.001833
101,0.6642726942,338.25,43.65802195,Inner,R,5,Bottom,TRUE,-46.64818743,0.003906705539,0.002523671498,7.03E-05,0.00402,0.002612,7.28E-05
104,0.9448689043,280.5,143.6839561,Outer,R,11,Middle,TRUE,-46.82192392,0.003652089407,0.002729468599,2.25E-08,0.003758,0.002825,2.33E-08
140,60.72776861,10.31604391,38.5,Outer,L,8,Middle,FALSE,-21.32458584,0.07707482993,0.0378057971,0.001202898551,0.07931,0.039129,0.001245
104,0.9897317444,280.5,143.6839561,Outer,R,11,Top,TRUE,-47.29333347,0.003265306122,0.002826086957,2.20E-05,0.00336,0.002925,2.28E-05
94,0.2928475079,299.75,110.341978,Inner,R,11,Top,TRUE,-47.37940351,0.002873663751,0.003166183575,2.92E-05,0.002957,0.003277,3.02E-05
99,0.5431787915,10.31604391,38.5,Outer,L,8,Top,TRUE,-51.1524426,0.002066083576,0.001843478261,4.68E-05,0.002126,0.001908,4.84E-05
93,0.2825048001,43.65802195,57.75,Inner,L,8,Top,TRUE,-46.31302156,0.003372206025,0.003462801932,0.00009661835749,0.00347,0.003584,0.0001
149,168.2716576,43.65802195,57.75,Inner,L,8,Top,FALSE,-16.39221583,0.1438483965,0.04749951691,0.001099516908,0.14802,0.049162,0.001138
105,1.067213222,385.6839561,38.5,Outer,R,4,Top,TRUE,-47.39180832,0.003681243926,0.002163285024,2.30E-06,0.003788,0.002239,2.38E-06
98,0.505794609,252.3160439,38.5,Outer,R,8,Top,TRUE,-47.42276354,0.003838678328,0.001834782609,0,0.00395,0.001899,0
133,27.07515564,10.31604391,38.5,Outer,L,8,Top,FALSE,-23.18372428,0.06711856171,0.01728599034,0.0007516908213,0.069065,0.017891,0.000778
95,0.3328522833,38.5,77,Inner,L,9,Bottom,TRUE,-39.03907994,0.01086783285,0.002579710145,9.22E-06,0.011183,0.00267,9.54E-06
149,170.4409912,38.5,77,Inner,L,9,Bottom,FALSE,-17.06372163,0.1322623907,0.04655845411,0.0009884057971,0.136098,0.048188,0.001023
101,0.6615210846,357.5,10.31604391,Outer,R,5,Top,TRUE,-47.63961681,0.003259475219,0.002568115942,2.84E-05,0.003354,0.002658,2.94E-05
103,0.8061346998,385.6839561,115.5,Outer,R,2,Middle,TRUE,-47.78434178,0.003152575316,0.002591304348,4.71E-05,0.003244,0.002682,4.88E-05
101,0.6386063388,0,77,Outer,L,9,Bottom,TRUE,-49.09498724,0.002785228377,0.0021352657,6.27E-06,0.002866,0.00221,6.49E-06
98,0.4741994723,299.75,110.341978,Inner,R,11,Middle,TRUE,-47.81074098,0.003040816327,0.002703381643,6.21E-06,0.003129,0.002798,6.43E-06
100,0.5813105142,357.5,10.31604391,Outer,R,5,Bottom,TRUE,-47.86574994,0.0033595724,0.002249275362,2.33E-05,0.003457,0.002328,2.41E-05
134,31.32134889,0,77,Outer,L,9,Bottom,FALSE,-26.77399016,0.03438581147,0.03030917874,0.0009033816425,0.035383,0.03137,0.000935
101,0.6584687779,352.341978,96.25,Inner,R,2,Middle,TRUE,-47.88012649,0.003379008746,0.002207729469,2.68E-05,0.003477,0.002285,2.77E-05
99,0.5253233651,319,77,Center,R,0,Middle,TRUE,-47.98676148,0.003177842566,0.002406763285,7.83E-05,0.00327,0.002491,8.10E-05
101,0.6464923722,0,77,Outer,L,9,Middle,TRUE,-50.38314293,0.002690962099,0.001383574879,4.50E-06,0.002769,0.001432,4.66E-06
99,0.5476703322,38.5,77,Inner,L,9,Middle,TRUE,-50.51502858,0.002411078717,0.001751690821,0,0.002481,0.001813,0
150,184.1342469,38.5,77,Inner,L,9,Middle,FALSE,-12.07459135,0.2308697765,0.09337971014,0.0008222222222,0.237565,0.096648,0.000851
111,2.0961462,385.6839561,38.5,Outer,R,4,Bottom,TRUE,-47.9932847,0.003153547133,0.002434782609,2.08E-05,0.003245,0.00252,2.15E-05
101,0.6819783396,319,77,Center,R,0,Top,TRUE,-48.21600048,0.003008746356,0.002455072464,4.04E-06,0.003096,0.002541,4.18E-06
142,71.92327231,0,77,Outer,L,9,Middle,FALSE,-24.02380054,0.05830515063,0.02363091787,0.001184541063,0.059996,0.024458,0.001226
101,0.6976516753,357.5,77,Inner,R,3,Middle,TRUE,-48.23362028,0.003181729835,0.002212560386,8.15E-06,0.003274,0.00229,8.44E-06
103,0.8687582939,285.658022,96.25,Inner,R,10,Bottom,TRUE,-48.24265558,0.003206997085,0.002168115942,4.61E-05,0.0033,0.002244,4.77E-05
103,0.8274682437,0,77,Outer,L,9,Top,TRUE,-48.9402455,0.002983479106,0.001965217391,2.10E-05,0.00307,0.002034,2.17E-05
98,0.4615007435,38.5,77,Inner,L,9,Top,TRUE,-51.75424946,0.00209718173,0.001509178744,3.33E-05,0.002158,0.001562,3.45E-05
150,195.7415755,38.5,77,Inner,L,9,Top,FALSE,-15.47293213,0.1585821186,0.05666956522,0.0005555555556,0.163181,0.058653,0.000575
103,0.8937477343,319,0,Outer,R,6,Bottom,TRUE,-48.47073832,0.003142857143,0.002084057971,4.63E-06,0.003234,0.002157,4.79E-06
103,0.8983536852,357.5,77,Inner,R,3,Bottom,TRUE,-48.50853007,0.002781341108,0.00252173913,5.13E-05,0.002862,0.00261,5.31E-05
130,20.00893258,0,77,Outer,L,9,Top,FALSE,-24.06753642,0.06149757046,0.01170531401,0.0008222222222,0.063281,0.012115,0.000851
102,0.8032153623,43.65802195,96.25,Inner,L,10,Bottom,TRUE,-37.72292184,0.01267638484,0.002869565217,7.26E-05,0.013044,0.00297,7.51E-05
150,187.2565105,43.65802195,96.25,Inner,L,10,Bottom,FALSE,-15.2618079,0.1572779397,0.07096135266,0.0009507246377,0.161839,0.073445,0.000984
102,0.7720128391,385.6839561,38.5,Outer,R,4,Middle,TRUE,-48.52671986,0.002951409135,0.00230821256,8.67E-06,0.003037,0.002389,8.97E-06
103,0.8165528093,252.3160439,38.5,Outer,R,8,Middle,TRUE,-48.53070825,0.00306122449,0.002157487923,0,0.00315,0.002233,0
105,1.122402254,10.31604391,115.5,Outer,L,10,Bottom,TRUE,-35.89907117,0.01447230321,0.006902415459,6.05E-05,0.014892,0.007144,6.26E-05
100,0.6024217864,357.5,10.31604391,Outer,R,5,Middle,TRUE,-48.53299996,0.002876579203,0.002396135266,4.77E-05,0.00296,0.00248,4.94E-05
97,0.4472277452,352.341978,57.75,Inner,R,4,Middle,TRUE,-48.78409497,0.003038872692,0.001999033816,7.11E-06,0.003127,0.002069,7.36E-06
131,21.85589765,10.31604391,115.5,Outer,L,10,Bottom,FALSE,-25.31113513,0.04578328474,0.02909661836,0.0009642512077,0.047111,0.030115,0.000998
101,0.7114791506,252.3160439,38.5,Outer,R,8,Bottom,TRUE,-48.86786423,0.002975704568,0.002029951691,5.15E-05,0.003062,0.002101,5.33E-05
109,1.76147344,319,77,Center,R,0,Bottom,TRUE,-48.96718913,0.002509232264,0.002527536232,6.32E-06,0.002582,0.002616,6.54E-06
101,0.6439046338,10.31604391,115.5,Outer,L,10,Middle,TRUE,-50.11144702,0.002611273081,0.001711111111,1.57E-07,0.002687,0.001771,1.62E-07
98,0.4687957026,43.65802195,96.25,Inner,L,10,Middle,TRUE,-44.80198107,0.005397473275,0.001991304348,2.71E-09,0.005554,0.002061,2.80E-09
150,200.481889,43.65802195,96.25,Inner,L,10,Middle,FALSE,-12.01005884,0.2212730807,0.1182676329,0.0008695652174,0.22769,0.122407,0.0009
102,0.7618805347,285.658022,57.75,Inner,R,8,Bottom,TRUE,-49.05312352,0.002702623907,0.0022647343,5.48E-05,0.002781,0.002344,5.67E-05
99,0.5081976512,319,115.5,Inner,R,12,Middle,TRUE,-49.08283893,0.002789115646,0.002138164251,2.20E-05,0.00287,0.002213,2.28E-05
134,31.5968322,10.31604391,115.5,Outer,L,10,Middle,FALSE,-24.36481404,0.0485335277,0.03610048309,0.001252173913,0.049941,0.037364,0.001296
103,0.8100517546,352.341978,96.25,Inner,R,2,Top,TRUE,-49.27027592,0.002887269193,0.001868599034,4.10E-05,0.002971,0.001934,4.24E-05
102,0.7245148952,352.341978,57.75,Inner,R,4,Bottom,TRUE,-49.30911838,0.00271234208,0.002089855072,6.30E-06,0.002791,0.002163,6.52E-06
99,0.554890801,10.31604391,115.5,Outer,L,10,Top,TRUE,-51.24887293,0.002288629738,0.001504347826,0,0.002355,0.001557,0
93,0.276041091,43.65802195,96.25,Inner,L,10,Top,TRUE,-47.67064738,0.003735665695,0.001770048309,0.00009661835749,0.003844,0.001832,0.0001
150,180.8380754,43.65802195,96.25,Inner,L,10,Top,FALSE,-16.65708922,0.1250806608,0.07711400966,0.0004106280193,0.128708,0.079813,0.000425
105,1.131194111,338.25,110.341978,Inner,R,1,Bottom,TRUE,-49.31383845,0.002823129252,0.001934299517,4.96E-06,0.002905,0.002002,5.13E-06
102,0.7902500486,280.5,77,Inner,R,9,Bottom,TRUE,-49.34644322,0.002864917396,0.001848309179,1.88E-06,0.002948,0.001913,1.95E-06
136,37.20853211,10.31604391,115.5,Outer,L,10,Top,FALSE,-21.91910575,0.05937026239,0.05388115942,0.0004396135266,0.061092,0.055767,0.000455
96,0.3757514448,57.75,110.341978,Inner,L,11,Bottom,TRUE,-47.54835616,0.003515063168,0.002286956522,7.22E-06,0.003617,0.002367,7.47E-06
153,271.2643001,57.75,110.341978,Inner,L,11,Bottom,FALSE,-14.73243634,0.1581516035,0.09284347826,0.0006657004831,0.162738,0.096093,0.000689
99,0.5361283254,299.75,43.65802195,Inner,R,7,Middle,TRUE,-49.37442387,0.002899902818,0.001771980676,0,0.002984,0.001834,0
102,0.7227602245,242,77,Outer,R,9,Middle,TRUE,-49.47345809,0.002847424684,0.001783574879,0,0.00293,0.001846,0
106,1.25193694,38.5,143.6839561,Outer,L,11,Bottom,TRUE,-47.66993877,0.003605442177,0.002025120773,8.17E-06,0.00371,0.002096,8.46E-06
96,0.4016580845,338.25,110.341978,Inner,R,1,Top,TRUE,-49.51001496,0.002344023324,0.002387439614,5.20E-06,0.002412,0.002471,5.38E-06
103,0.815690477,280.5,10.31604391,Outer,R,7,Bottom,TRUE,-49.51563598,0.002703595724,0.001967149758,2.74E-05,0.002782,0.002036,2.84E-05
134,28.840592,38.5,143.6839561,Outer,L,11,Bottom,FALSE,-20.17130847,0.05267444121,0.08268599034,0.001286956522,0.054202,0.08558,0.001332
100,0.5706839747,299.75,110.341978,Inner,R,11,Bottom,TRUE,-49.54425576,0.002728862974,0.001913043478,0,0.002808,0.00198,0
104,0.9452708947,242,77,Outer,R,9,Bottom,TRUE,-49.55431721,0.002758017493,0.001863768116,2.09E-05,0.002838,0.001929,2.16E-05
107,1.284918178,38.5,143.6839561,Outer,L,11,Middle,TRUE,-46.83572738,0.003915451895,0.002319806763,0.00009758454106,0.004029,0.002401,0.000101
94,0.3029106012,57.75,110.341978,Inner,L,11,Middle,TRUE,-38.37516495,0.01023323615,0.006375845411,4.89E-05,0.01053,0.006599,5.06E-05
155,355.5839205,57.75,110.341978,Inner,L,11,Middle,FALSE,-10.99874114,0.2363304179,0.1536338164,0.0006599033816,0.243184,0.159011,0.000683
101,0.6849358458,319,0,Outer,R,6,Middle,TRUE,-49.57394789,0.002562682216,0.002112077295,5.04E-05,0.002637,0.002186,5.22E-05
97,0.4294415624,280.5,77,Inner,R,9,Middle,TRUE,-49.79059895,0.002555879495,0.001990338164,3.30E-06,0.00263,0.00206,3.42E-06
138,45.8520604,38.5,143.6839561,Outer,L,11,Middle,FALSE,-17.50084345,0.0744382896,0.1106125604,0.00177294686,0.076597,0.114484,0.001835
103,0.8888596333,396,77,Outer,R,3,Bottom,TRUE,-49.8815597,0.002444120505,0.002073429952,6.03E-05,0.002515,0.002146,6.24E-05
94,0.2953629598,319,38.5,Inner,R,6,Top,TRUE,-49.9062054,0.002204081633,0.002314975845,3.51E-05,0.002268,0.002396,3.63E-05
102,0.7747355663,38.5,143.6839561,Outer,L,11,Top,TRUE,-44.36043985,0.005376093294,0.002781642512,1.15E-05,0.005532,0.002879,1.19E-05
95,0.3478309299,57.75,110.341978,Inner,L,11,Top,TRUE,-39.95525229,0.009684159378,0.002692753623,4.26E-05,0.009965,0.002787,4.41E-05
152,237.6883576,57.75,110.341978,Inner,L,11,Top,FALSE,-15.22668231,0.1500515063,0.08659613527,0.0004473429952,0.154403,0.089627,0.000463
96,0.3828103426,285.658022,57.75,Inner,R,8,Middle,TRUE,-50.081219,0.002408163265,0.002003864734,0,0.002478,0.002074,0
102,0.7706656263,280.5,10.31604391,Outer,R,7,Top,TRUE,-50.15833661,0.002531584062,0.001798067633,4.17E-06,0.002605,0.001861,4.32E-06
138,45.94344886,38.5,143.6839561,Outer,L,11,Top,FALSE,-21.46925055,0.06161030126,0.05773333333,0.000890821256,0.063397,0.059754,0.000922
96,0.3842202087,77,115.5,Inner,L,12,Bottom,TRUE,-50.4480342,0.00209718173,0.00214589372,0.000129468599,0.002158,0.002221,0.000134
152,252.6932785,77,115.5,Inner,L,12,Bottom,FALSE,-15.11021971,0.1611865889,0.06963381643,0.0005787439614,0.165861,0.072071,0.000599
97,0.4056486386,299.75,43.65802195,Inner,R,7,Top,TRUE,-50.35725781,0.002098153547,0.002191304348,7.90E-05,0.002159,0.002268,8.18E-05
109,1.625413756,352.341978,96.25,Inner,R,2,Bottom,TRUE,-50.38432441,0.002342079689,0.001914975845,2.48E-05,0.00241,0.001982,2.57E-05
105,1.015596899,77,154,Outer,L,12,Bottom,TRUE,-36.35746994,0.006988338192,0.01350917874,8.02E-05,0.007191,0.013982,8.30E-05
100,0.6003536401,319,38.5,Inner,R,6,Bottom,TRUE,-50.41043484,0.002274052478,0.001981642512,0,0.00234,0.002051,0
101,0.7095187267,280.5,10.31604391,Outer,R,7,Middle,TRUE,-50.43175303,0.002445092323,0.001753623188,0,0.002516,0.001815,0
144,91.01596772,77,154,Outer,L,12,Bottom,FALSE,-20.23425645,0.05617784257,0.07948019324,0.001357487923,0.057807,0.082262,0.001405
99,0.5481717088,285.658022,96.25,Inner,R,10,Middle,TRUE,-50.52236441,0.002328474247,0.001856038647,7.73E-06,0.002396,0.001921,8.00E-06
99,0.5339946462,319,115.5,Inner,R,12,Bottom,TRUE,-50.52699302,0.002113702624,0.002093719807,7.67E-05,0.002175,0.002167,7.94E-05
100,0.6173306453,77,154,Outer,L,12,Middle,TRUE,-39.86493299,0.008450923226,0.005633816425,3.01E-05,0.008696,0.005831,3.12E-05
103,0.8826124489,77,115.5,Inner,L,12,Middle,TRUE,-45.81081745,0.00451797862,0.00241352657,2.27E-06,0.004649,0.002498,2.35E-06
155,345.9717747,77,115.5,Inner,L,12,Middle,FALSE,-10.66230947,0.2756054422,0.09948019324,0.001007729469,0.283598,0.102962,0.001043
114,2.871100733,396,77,Outer,R,3,Top,TRUE,-50.64657014,0.002455782313,0.001607729469,3.29E-05,0.002527,0.001664,3.40E-05
99,0.5430829863,242,77,Outer,R,9,Top,TRUE,-50.71112678,0.002436345967,0.001598067633,0,0.002507,0.001654,0
146,117.5778245,77,154,Outer,L,12,Middle,FALSE,-15.12424802,0.1474936832,0.09472270531,0.002028985507,0.151771,0.098038,0.0021
102,0.7568496806,319,154,Outer,R,12,Top,TRUE,-50.88112925,0.002388726919,0.001567149758,4.15E-05,0.002458,0.001622,4.30E-05
103,0.8720059356,396,77,Outer,R,3,Middle,TRUE,-51.04420387,0.002227405248,0.001703381643,0,0.002292,0.001763,0
103,0.8620044787,77,154,Outer,L,12,Top,TRUE,-20.10940849,0.08009329446,0.05776038647,0.0001623188406,0.082416,0.059782,0.000168
95,0.3422073808,77,115.5,Inner,L,12,Top,TRUE,-48.83206622,0.00220505345,0.00286763285,3.63E-06,0.002269,0.002968,3.76E-06
152,237.0230324,77,115.5,Inner,L,12,Top,FALSE,-14.47366658,0.1687376093,0.08499516908,0.0007574879227,0.173631,0.08797,0.000784
95,0.3225917741,285.658022,96.25,Inner,R,10,Top,TRUE,-52.22748897,0.001887269193,0.001557487923,4.82E-06,0.001942,0.001612,4.99E-06
102,0.7618202459,357.5,143.6839561,Outer,R,1,Top,TRUE,-52.25375596,0.002014577259,0.001375845411,0,0.002073,0.001424,0
137,43.2263158,77,154,Outer,L,12,Top,FALSE,-18.35760558,0.09323809524,0.07682898551,0.0003903381643,0.095942,0.079518,0.000404
140,62.83149502,164,77,Shuttle,M,16,Bottom,FALSE,-51.10343966,0.002183673469,0.001728502415,1.32E-05,0.002247,0.001789,1.37E-05
106,1.235909098,164,77,Shuttle,M,16,Bottom,TRUE,-21.94280098,0.06813313897,0.04184541063,0.0002463768116,0.070109,0.04331,0.000255
150,185.897152,164,77,Shuttle,M,16,Middle,FALSE,-49.76511042,0.002470359572,0.002110144928,1.89E-05,0.002542,0.002184,1.96E-05
105,1.094241997,164,77,Shuttle,M,16,Middle,TRUE,-20.12009425,0.06940330418,0.07007342995,0.0003961352657,0.071416,0.072526,0.00041
144,90.40818059,164,77,Shuttle,M,16,Top,FALSE,-45.80393284,0.002450923226,0.004501449275,9.38E-05,0.002522,0.004659,9.71E-05
90,0.1937262842,164,77,Shuttle,M,16,Top,TRUE,-19.07127033,0.1019650146,0.04458067633,0.0002048309179,0.104922,0.046141,0.000212
101,0.6831685499,198,77,Shuttle,M,17,Bottom,TRUE,-50.18241604,0.002361516035,0.001999033816,0.0001256038647,0.00243,0.002069,0.00013
129,16.379284,198,77,Shuttle,M,17,Bottom,FALSE,-32.38343704,0.02203692906,0.009591304348,0.0001391304348,0.022676,0.009927,0.000144
133,26.27969031,198,77,Shuttle,M,17,Middle,FALSE,-50.29715092,0.002548104956,0.001686956522,2.49E-06,0.002622,0.001746,2.58E-06
96,0.3894702104,198,77,Shuttle,M,17,Middle,TRUE,-30.6266405,0.02649368319,0.01279323671,0.0002347826087,0.027262,0.013241,0.000243
128,14.46799999,198,77,Shuttle,M,17,Top,FALSE,-52.78600417,0.001882410107,0.001312077295,0,0.001937,0.001358,0
96,0.3884010625,198,77,Shuttle,M,17,Top,TRUE,-30.78076271,0.02767249757,0.008346859903,0.0001381642512,0.028475,0.008639,0.000143
118,4.588953562,232,77,Shuttle,M,18,Bottom,FALSE,-48.88695647,0.002876579203,0.002155555556,1.08E-05,0.00296,0.002231,1.12E-05
98,0.4811714669,232,77,Shuttle,M,18,Bottom,TRUE,-42.56290761,0.005779397473,0.004692753623,4.56E-05,0.005947,0.004857,4.72E-05
104,0.9564536187,232,77,Shuttle,M,18,Middle,TRUE,-48.56762633,0.003137026239,0.002016425121,1.49E-05,0.003228,0.002087,1.54E-05
117,4.056624204,232,77,Shuttle,M,18,Middle,FALSE,-38.35398446,0.01022546161,0.006443478261,7.18E-05,0.010522,0.006669,7.43E-05
118,4.687176237,232,77,Shuttle,M,18,Top,FALSE,-29.62069151,0.0297473275,0.01436521739,6.00E-05,0.03061,0.014868,6.21E-05
99,0.5185950742,232,77,Shuttle,M,18,Top,TRUE,-40.42740902,0.008827016521,0.003565217391,1.78E-05,0.009083,0.00369,1.84E-05