"VID_ID","Day","Fish_ID","Sound","Speaker","TrainedWith","DistanceMoved_cm","Velocity","RightDistance_cm","LeftDistance_cm","NotMoving_per","Accel_mean","Accel_max","Accel_sd","TimeToRight_s","InRight_per","TimeToLeft_s","InLeft_per","HeadingToLeft_deg","HeadingToRight_deg"
"1","Day 1","1","Acclimation","Left","Air","2717.25","10.6041","101.527","91.2045","0","-0.0309569","11.0324","2.74096","22.9163","42.9577","8.3332","53.5211","127.291","122.807"
"3","Day 1","1","Acclimation","Right","Air","2740.73","10.3588","90.9481","114.967","0","0.00197284","10.465","3.1692","0","60.5634","33.3328","38.7324","98.3469","91.966"
"5","Day 1","1","Acclimation","Left","Air","2248.55","8.99434","69.8462","119.423","0","0.119993","7.20428","2.42105","12.4998","71.831","0","28.169","168.824","143.476"
"7","Day 1","2","Acclimation","Right","Air","1088.69","5.74263","42.2713","128.134","9.85915","-0.0158649","9.3604","2.00073","0","76.0563","","0","143.413","128.223"
"9","Day 1","2","Acclimation","Left","Air","2667.23","10.1031","113.084","85.5123","2.02703","-0.176322","8.69927","3.29836","0","43.2432","104","55.4054","139.254","42.4862"
"11","Day 1","2","Acclimation","Right","Air","670.078","4.92704","97.5572","60.2732","23.6486","-0.0519132","9.30125","1.81933","0","6.75676","20","56.7568","135.931","2.07245"
"13","Day 1","3","Acclimation","Left","Air","1782.7","7.19084","77.0607","100.592","0","-0.00590159","7.13883","2.08706","6.2499","55.6338","0","44.3662","-172.74","162.086"
"15","Day 1","3","Acclimation","Right","Air","2013.78","7.37885","107.335","96.7635","0","0.0249775","8.524","2.6591","0","42.9577","18.7497","57.0423","-125.236","-104.762"
"17","Day 1","3","Acclimation","Left","Air","1731.91","6.5459","61.7765","119.612","9.15493","0.0464819","7.08952","1.90494","0","75.3521","137.498","23.9437","-82.371","-91.4494"
"144","Day 1","9","Acclimation","Left","Air","8232.48","30.1883","79.1512","108.845","0.346741","-4.54766","3234.61","344.678","7.91654","61.7198","0","33.9112","123.386","105.669"
"146","Day 1","9","Acclimation","Right","Air","987.787","8.20321","72.6916","101.024","9.57004","0.168221","156.288","32.7941","0","35.853","44.3743","16.6436","112.787","66.9886"
"148","Day 1","9","Acclimation","Left","Air","2389.18","12.6442","129.706","60.9699","0.762829","1.21077","1253.1","82.6478","171.039","13.0374","0","62.4827","97.7592","55.6647"
"150","Day 1","11","Acclimation","Right","Air","4396.69","14.9571","129.518","70.245","0.0693481","0.0978781","3400.66","141.333","0","24.6879","3.95827","73.9251","-176.601","24.1288"
"152","Day 1","11","Acclimation","Left","Air","2998.59","13.1447","110.197","89.9506","0.554785","-1.2493","323.744","38.6266","26.0412","34.7434","0","50.9709","-108.357","-89.1984"
"154","Day 1","11","Acclimation","Right","Air","3856.34","15.4643","129.844","73.0515","0.208044","1.76493","1565.93","106.1","76.8738","20.8044","2.91662","70.4577","104.716","70.7051"
"156","Day 1","10","Acclimation","Left","Air","20269.3","71.6662","119.922","84.3275","0.0554939","1.92645","8153.52","980.204","6.16657","37.0144","0","57.1032","128.462","117.026"
"158","Day 1","10","Acclimation","Right","Air","17104.4","61.2706","88.6901","98.3983","1.49834","7.92138","7637.64","1007.93","0","58.879","3.66661","36.1265","130.309","101.829"
"160","Day 1","10","Acclimation","Left","Air","16296.2","58.2015","65.8883","123.099","0.443951","-5.20781","8016.17","922.094","8.83319","72.475","0","25.0277","142.68","136.175"
"162","Day 1","12","Acclimation","Right","Air","3107.81","10.4393","60.3144","179.562","0.485437","-0.0645185","317.533","38.8482","0","95.215","9.58318","4.57698","-77.4986","47.4365"
"164","Day 1","12","Acclimation","Left","Air","18786.1","67.1944","109.794","79.9259","13.3148","7.41884","5351.83","621.541","0.62499","33.9112","0","62.4133","-156.843","-138.391"
"166","Day 1","12","Acclimation","Right","Air","5464.63","19.1325","146.998","64.5345","4.92372","1.25201","3368.49","223.476","0.20833","16.7129","0","80.6519","70.4612","47.4252"
"306","Day 1","18","Acclimation","Right","Air","2733.62","9.25357","108.108","97.0269","11.0957","0.0764512","184.681","22.5083","0","43.2732","44.7909","55.6865","97.1116","93.1373"
"308","Day 1","18","Acclimation","Left","Air","3574.19","13.7581","107.417","99.933","3.19001","-1.05356","3383.06","165.733","61.874","41.7476","0","49.3065","100.885","95.1723"
"310","Day 1","18","Acclimation","Right","Air","3106.34","10.6963","59.899","176.028","0.278746","0.0615189","541.104","39.3835","0","90.0348","6.2499","8.36237","154.517","143.621"
"312","Day 1","19","Acclimation","Left","Air","7644","25.8611","107.778","98.394","0.888642","0.372119","82695.2","3419.09","5.54158","46.2927","0","51.2774","-93.2223","0.507057"
"314","Day 1","19","Acclimation","Right","Air","6186.96","25.0827","79.6513","145.075","1.20226","-1.02764","3268.35","276.827","0","75.1768","177.289","22.2772","27.7637","34.7861"
"316","Day 1","19","Acclimation","Left","Air","6636.5","23.2693","104.615","88.9531","2.56588","-4.61014","3178.36","287.211","41.666","47.5728","0.20833","51.5257","139.702","64.5599"
"318","Day 1","20","Acclimation","Right","Air","4953.39","16.6971","127.276","72.3487","0.416089","-0.0631511","5620.57","218.112","0","27.1151","16.4581","71.4979","134.42","-112.979"
"320","Day 1","20","Acclimation","Left","Air","4731.56","18.1986","110.152","77.8011","0.277393","-0.641736","2162.88","171.358","0.41666","32.3162","0","60.4022","134.847","153.532"
"322","Day 1","20","Acclimation","Right","Air","4291.25","14.6191","152.456","65.2351","0.554785","1.1676","2443.99","174.59","0","8.11373","25.8329","91.4008","140.169","74.9759"
"2","Day 1","1","Sound","Left","Air","2559.78","10.5924","126.653","56.891","0","0.152843","11.512","3.39075","0","26.4286","43.7493","71.4286","-127.705","-150.531"
"4","Day 1","1","Sound","Right","Air","2226.21","7.68776","21.6529","140.076","0","-0.0130927","6.59187","1.91204","0","100","","0","92.9556","151.966"
"6","Day 1","1","Sound","Left","Air","2244.42","8.68823","111.428","43.7716","4.96454","0.010135","6.85295","1.9336","6.2499","21.9858","0","71.6312","141.871","165.809"
"8","Day 1","2","Sound","Right","Air","1591.77","6.3672","49.4856","133.414","11.2676","-0.00201008","5.55613","1.92717","0","97.8873","","0","22.0388","65.3236"
"10","Day 1","2","Sound","Left","Air","2220.11","9.32819","120.044","57.8309","11.0345","-0.0614561","33.0916","5.27368","12","8.96552","0","86.2069","131.314","66.0917"
"12","Day 1","2","Sound","Right","Air","333.184","1.33276","44.4214","106.574","71.8519","-0.0146429","1.38371","0.347193","0","95.5556","","0","-12.6812","15.0771"
"14","Day 1","3","Sound","Left","Air","1991.49","6.68286","183.192","57.5047","4.66667","0.00236239","20.4992","3.42583","","0","0","100","-138.228","-140.221"
"16","Day 1","3","Sound","Right","Air","1204.25","4.85758","48.5206","122.701","17.9856","-0.0252837","10.3124","2.21367","0","93.5252","220.83","6.47482","-3.23189","23.3884"
"18","Day 1","3","Sound","Left","Air","1900.57","6.51635","189.839","55.5549","0","-0.0355473","33.1565","4.29509","91.6652","0.70922","0","99.2908","-158.407","-151.105"
"145","Day 1","9","Sound","Left","Air","1939.82","12.4316","115.674","60.4378","5.84958","-4.20612","130.204","103.044","13.7498","15.4596","0","47.0752","114.213","85.3055"
"147","Day 1","9","Sound","Right","Air","1483.03","10.8022","40.8764","142.537","7.72114","-0.00275306","132.537","31.2662","0","59.5202","","0","-168.004","-147.573"
"149","Day 1","9","Sound","Left","Air","1025.1","5.74158","126.534","48.0868","20.9431","-0.228249","620.162","48.2711","","0","0","67.4757","110.655","10.3494"
"151","Day 1","11","Sound","Right","Air","4019.33","15.5089","73.9304","117.631","0","-0.466688","213.499","36.1357","0","67.129","3.12495","25.7282","116.193","-154.003"
"153","Day 1","11","Sound","Left","Air","4221.67","15.4336","139.269","49.0494","0.277393","0.0722566","289.28","26.1218","11.2498","10.4022","0","83.7725","93.2902","89.2792"
"155","Day 1","11","Sound","Right","Air","4075.22","14.5438","43.8408","130.354","4.57698","-2.16014","195.599","84.6119","0","89.6671","3.95827","6.93481","146.193","109.686"
"157","Day 1","10","Sound","Left","Air","6625.33","23.9186","126.558","56.7398","0.723026","2.46451","5374.05","281.492","1.49998","16.8521","0","78.8654","92.9659","81.3099"
"159","Day 1","10","Sound","Right","Air","7970.8","27.9355","41.5599","131.668","1.94229","0.0761264","5439.9","400.104","0","92.4528","1.16665","5.04994","107.12","87.1658"
"161","Day 1","10","Sound","Left","Air","17371.8","58.9549","127.865","38.8508","1.77679","2.41778","7669.6","849.226","1.33331","3.55358","0","96.0577","102.706","134.352"
"163","Day 1","12","Sound","Right","Air","2900.7","10.5722","48.3552","121.13","37.7358","-0.495288","2245.17","112.135","0","87.9106","124.581","6.98812","-67.9036","-113.707"
"165","Day 1","12","Sound","Left","Air","14359.7","49.0238","150.768","64.78","1.04676","0.147705","2749.29","405.402","0","13.3985","0.20833","86.462","176.554","147.158"
"167","Day 1","12","Sound","Right","Air","2238.9","7.97247","58.1334","151.573","18.7933","-0.0258444","1413.8","50.6097","0","87.8641","6.2499","5.89459","61.2859","64.2549"
"307","Day 1","18","Sound","Right","Air","3072.49","10.3351","59.2892","135.074","1.66435","-0.0566272","190.806","28.5815","0","91.1928","96.8734","8.32178","-0.887724","37.5563"
"309","Day 1","18","Sound","Left","Air","1615.65","6.63977","119.203","51.684","15.6033","-0.0934806","218.22","17.8761","6.66656","2.77392","0","81.5534","-69.819","73.3579"
"311","Day 1","18","Sound","Right","Air","682.194","3.03483","47.0712","109.641","43.3866","-0.159045","195.773","14.9806","0","83.4302","","0","-61.8105","-36.1421"
"313","Day 1","19","Sound","Left","Air","3698.57","12.9493","156.841","48.8617","0.208045","-0.556718","743.067","76.3759","237.913","4.85437","0","94.3135","140.797","69.4376"
"315","Day 1","19","Sound","Right","Air","3908","13.8543","53.0626","148.386","1.52566","-1.33835","5207.2","277.515","0","98.8211","287.704","0.346741","117.336","-123.023"
"317","Day 1","19","Sound","Left","Air","6570.08","23.6231","134.036","56.4259","8.1363","-1.16342","2917.28","304.567","9.99984","19.0542","0","79.5549","-178.863","116.007"
"319","Day 1","20","Sound","Right","Air","3580.42","13.3746","47.0035","119.604","5.40915","-0.916642","1314.22","67.8162","0","80.7212","6.2499","11.7892","130.735","-143.949"
"321","Day 1","20","Sound","Left","Air","2493.45","9.62119","123.486","54.7433","8.04438","0.304291","1104.78","53.8669","0.41666","11.8585","0","79.4036","-125.545","176.949"
"323","Day 1","20","Sound","Right","Air","4392.27","15.1026","153.879","60.7818","7.76699","-0.909539","2442.67","196.738","","0","7.08322","90.2913","172.05","-4.34782"
"54","Day 1","4","Acclimation","Right","CO2","8368.31","30.6083","72.8857","101.168","0.706572","8.49099","69717.6","3286.97","0","63.0316","1.96","30.1027","43.2784","56.4958"
"56","Day 1","4","Acclimation","Left","CO2","5559.14","23.1015","98.2296","85.8035","0.466604","-1.61643","88629.5","3136.24","10.68","39.3414","0","41.2345","50.5453","58.5442"
"58","Day 1","4","Acclimation","Right","CO2","1240.14","4.80155","55.1544","101.162","39.5681","0.187284","36285.5","808.706","0","75.4566","120.96","10.5453","-31.1176","93.4411"
"60","Day 1","5","Acclimation","Left","CO2","7818.18","31.1779","91.7083","106.858","0.106652","10.1419","86722.5","4031.49","52.36","45.5673","0","38.2216","-156.987","-132.072"
"62","Day 1","5","Acclimation","Right","CO2","8805.72","31.2083","42.044","135.293","0.0799893","-0.39907","148743","3939.02","0","86.8951","6","7.11905","-54.0037","-63.8533"
"64","Day 1","5","Acclimation","Left","CO2","4583.26","16.57","41.5207","147.669","1.59893","-0.254666","3277.31","150.621","3.6","87.7415","0","5.72951","-136.356","-137.038"
"66","Day 1","6","Acclimation","Right","CO2","5576.22","21.5132","91.7377","99.1881","2.59827","0.234754","3225.13","235.705","0","49.9001","46.2","40.5063","63.7832","79.0472"
"68","Day 1","6","Acclimation","Left","CO2","2190.45","7.34556","128.992","36.6509","8.66089","0.107365","132.921","15.8408","","0","0","100","-71.4417","34.2637"
"70","Day 1","6","Acclimation","Right","CO2","1079.01","3.74397","46.8101","114.636","30.8461","-0.0133227","205.685","13.5959","0","89.8734","162.6","6.52898","-161.033","-131.893"
"72","Day 1","7","Acclimation","Left","CO2","2519.69","8.57037","139.418","58.2409","8.59427","-0.0680538","1286.45","52.5017","98.4","15.7229","0","81.8787","-96.6326","-59.5104"
"74","Day 1","7","Acclimation","Right","CO2","2076.35","7.04325","64.9646","141.981","24.9833","1.28623","1864.07","59.5132","0","86.1426","52.6","12.525","-8.91994","19.5237"
"76","Day 1","7","Acclimation","Left","CO2","1987.55","7.13306","69.903","112.32","31.5747","-0.521321","939.504","50.1064","15.84","68.3453","0","22.462","9.47232","-67.835"
"78","Day 1","8","Acclimation","Right","CO2","2960.69","9.86898","73.9372","113.901","10.7262","0.0424562","1161.35","51.0381","0","64.6902","51","33.7109","17.5259","91.2189"
"80","Day 1","8","Acclimation","Left","CO2","2639.39","8.88087","57.2709","167.13","2.73151","-0.0217549","175.598","22.4301","3.4","98.8674","0","1.06596","54.6841","60.8048"
"82","Day 1","8","Acclimation","Right","CO2","2738.26","9.12755","59.6564","192.13","3.06462","-0.0382887","272.233","38.0717","0","100","","0","94.5624","104.305"
"216","Day 1","13","Acclimation","Left","CO2","3613.41","12.07","90.0075","101.763","1.24827","0.0493156","234.222","23.1582","13.5414","52.6352","0","45.8391","117.044","109.862"
"218","Day 1","13","Acclimation","Right","CO2","3743.49","12.7803","158.625","57.0148","0.208044","-0.0820047","370.089","41.4255","0","1.80305","6.45823","97.2261","116.963","115.367"
"220","Day 1","13","Acclimation","Left","CO2","3089.24","10.6374","136.409","58.6004","0.485437","0.0261703","182.425","22.7228","57.2907","4.99307","0","92.9265","118.158","113.206"
"222","Day 1","14","Acclimation","Right","CO2","3757.74","12.838","97.5767","94.1506","0.970874","-0.106139","245.161","31.225","0","49.1678","9.79151","48.405","-66.9162","37.7514"
"224","Day 1","14","Acclimation","Left","CO2","3258.24","12.0771","104.263","91.1984","2.98197","1.75595","2710.08","94.2274","6.66656","40.1526","0","54.785","175.031","-69.4567"
"226","Day 1","14","Acclimation","Right","CO2","2682.06","11.0602","121.571","73.5411","2.56588","-2.50046","2907.76","153.709","0","23.7171","20.4163","65.3259","-147.363","177.614"
"228","Day 1","15","Acclimation","Left","CO2","2302.72","7.69724","99.65","75.6808","10.1248","0.0426812","234.045","16.5848","43.7493","38.2802","0","60.0555","119.533","130.262"
"230","Day 1","15","Acclimation","Right","CO2","2018.4","7.30655","101.917","59.3934","16.6436","-0.10712","165.251","14.6129","0","23.3703","21.2497","70.8044","89.5388","118.816"
"232","Day 1","15","Acclimation","Left","CO2","1336.67","4.57641","58.0678","101.363","33.9112","-0.0428239","144.171","13.0618","28.3329","78.9875","0","18.6546","81.9735","70.8749"
"234","Day 1","16","Acclimation","Right","CO2","2897.63","10.0935","70.8683","127.595","1.31761","0.0398157","1546.38","103.529","0","80.1664","17.9164","18.5159","2.91278","-40.8419"
"236","Day 1","16","Acclimation","Left","CO2","3607.39","12.2981","159.649","65.792","2.14979","-0.202948","310.812","51.771","238.121","12.7601","0","84.466","-134.281","-86.2884"
"238","Day 1","16","Acclimation","Right","CO2","3187.69","12.2802","71.5798","95.2041","8.04438","1.02152","2920","223.479","0","52.7739","12.2915","36.2691","46.5772","-119.804"
"240","Day 1","17","Acclimation","Left","CO2","3279.11","10.9381","188.105","60.885","1.04167","0.024465","596.428","39.1018","","0","0","98.125","-171.053","158.745"
"242","Day 1","17","Acclimation","Right","CO2","22732.6","80.2932","164.994","62.0247","0","-0.829289","5058.05","566.54","0.41666","8.32177","0","86.1997","-178.004","163.349"
"244","Day 1","17","Acclimation","Left","CO2","3658.17","14.2993","104.753","114.227","0.138696","0.24746","1616.58","82.6024","80.832","46.6713","1.04165","39.3897","-112.285","-107.297"
"55","Day 1","4","Sound","Right","CO2","2853.87","11.3881","60.5748","109.737","6.62578","-0.149059","4808.33","312.085","0","68.3376","9.92","15.8246","69.4277","65.5471"
"57","Day 1","4","Sound","Left","CO2","1363.94","4.59857","48.9403","117.178","49.4201","-0.000757828","20260.5","383.565","4.44","98.5202","0","0.399947","164.195","-177.33"
"59","Day 1","4","Sound","Right","CO2","1176.18","3.92112","48.2351","107.047","45.0533","-0.00608113","15668.3","368.02","0","100","","0","-177.905","155.646"
"61","Day 1","5","Sound","Left","CO2","16414.5","70.6183","92.0007","109.891","0.337838","1.95914","152496","11082.3","8.6","43.6892","0","34.6216","-81.0401","-142.967"
"63","Day 1","5","Sound","Right","CO2","3338.33","11.7134","59.4894","122.873","0.333111","-0.0709027","435.615","34.0823","0","75.483","11","20.9194","-19.0943","-25.4122"
"65","Day 1","5","Sound","Left","CO2","4932.22","18.349","111.276","85.2997","4.06938","-3.36854","3442.14","236.007","0","30.5537","0.4","60.8406","-97.8737","-119.575"
"67","Day 1","6","Sound","Right","CO2","4374.36","14.8586","128.371","65.143","2.73151","0.0444194","747.521","53.5162","0","22.3185","14.2","76.4157","75.0853","40.5936"
"69","Day 1","6","Sound","Left","CO2","2253.4","8.00214","74.7596","99.4364","12.7602","0.0298219","661.862","29.3249","105.2","62.861","0","34.8556","22.7902","34.0074"
"71","Day 1","6","Sound","Right","CO2","462.847","1.772","49.0248","109.607","68.8755","-0.105549","139.806","9.46094","0","88.8889","","0","112.096","146.879"
"73","Day 1","7","Sound","Left","CO2","1044.11","3.51314","166.155","46.0472","59.96","-0.052674","223.65","27.0052","","0","0","99.6003","-72.8261","-31.0719"
"75","Day 1","7","Sound","Right","CO2","311.21","1.04363","52.8443","117.921","87.7616","-0.0815859","687.819","44.9931","0","99.8534","","0","-21.1091","7.16652"
"77","Day 1","7","Sound","Left","CO2","356.017","16.3311","38.9517","145.529","0","2.70533","381.668","69.0412","186.8","7.57881","","0","-134.048","-128.959"
"79","Day 1","8","Sound","Right","CO2","2241.83","7.65131","53.8604","137.72","13.9907","-0.0922537","229.014","22.1902","0","90.8728","25.6","7.32845","140.376","63.775"
"81","Day 1","8","Sound","Left","CO2","3535.46","12.0582","59.5566","185.781","2.17539","-0.0757669","4186.74","166.936","6.2","97.8246","0","2.17539","60.6113","65.4723"
"83","Day 1","8","Sound","Right","CO2","3407.29","13.862","57.2263","182.394","23.6509","0.257416","3619.71","258.644","0","81.7455","189.4","0.466356","78.0387","86.6567"
"217","Day 1","13","Sound","Left","CO2","3238.43","12.1538","122.878","58.3143","1.94309","-0.122484","443.213","36.7969","4.99992","18.1818","0","75.7807","-162.063","-35.7485"
"219","Day 1","13","Sound","Right","CO2","2810.99","9.70718","43.3629","128.852","5.96394","-0.0431384","242.446","21.9217","0","89.9445","25.4163","7.83634","23.582","50.01"
"221","Day 1","13","Sound","Left","CO2","3142.7","10.5196","138.523","34.0846","4.37804","-0.0663337","113.785","14.2633","","0","0","100","-137.08","-33.4849"
"223","Day 1","14","Sound","Right","CO2","3516.26","13.546","80.2203","121.297","3.39806","0.12174","264.996","39.3053","0","63.3842","28.1245","28.8488","122.793","116.472"
"225","Day 1","14","Sound","Left","CO2","1644.12","6.12725","53.1054","125.478","29.9098","-0.137389","157.501","19.7695","8.12487","85.7044","0","4.92713","-0.995331","1.76139"
"227","Day 1","14","Sound","Right","CO2","714.357","3.92331","56.2549","102.207","30.4438","-0.191859","184.52","18.9202","0","63.1068","135.206","4.50763","-100.678","-56.288"
"229","Day 1","15","Sound","Left","CO2","3312.34","12.4118","92.5368","82.2728","5.82524","-2.18202","1610.87","111.916","6.2499","41.3315","0","53.2594","150.096","147.849"
"231","Day 1","15","Sound","Right","CO2","1641.61","6.09423","48.0177","120.331","18.724","0.169501","165.684","15.9768","0","82.3856","69.3739","9.15395","-80.7889","105.589"
"233","Day 1","15","Sound","Left","CO2","1110.39","3.88198","120.104","51.0676","44.5908","0.0115807","226.362","13.9554","23.5413","12.4827","0","84.6047","99.3157","111.095"
"235","Day 1","16","Sound","Right","CO2","3327.49","11.248","130.649","86.5507","2.63523","-0.342837","269.461","43.0853","0","38.0028","21.458","60.4716","74.4829","96.6126"
"237","Day 1","16","Sound","Left","CO2","4073.25","13.6631","177.899","55.282","0.138696","0.0882702","649.371","51.1751","","0","0","100","-179.815","-100.028"
"239","Day 1","16","Sound","Right","CO2","3449.92","12.2848","86.2548","113.004","1.66435","-0.130543","1381.29","70.0267","0","60.4716","15.8331","34.258","73.4679","63.4495"
"241","Day 1","17","Sound","Left","CO2","4042.26","15.3022","172.72","60.3401","3.26162","-0.0226469","1019.15","75.6157","","0","0","90.4233","-135.037","-70.0712"
"243","Day 1","17","Sound","Right","CO2","23350.2","79.9447","84.16","132.81","2.14979","0.190865","4790.32","673.067","1.24998","70.111","0","28.086","144.25","159.077"
"245","Day 1","17","Sound","Left","CO2","3463.55","13.8891","125.584","88.616","1.04167","1.79958","2817.59","89.38","18.5414","26.1806","0","59.5833","-84.616","-91.29"
"19","Day 3","1","Acclimation","Right","Air","5194.31","19.6071","99.497","119.46","0.85322","0.123849","92561.4","2816.51","0","48.3802","24.16","40.2746","-140.056","166.749"
"21","Day 3","1","Acclimation","Left","Air","24026.6","87.3441","153.625","63.1768","0.466604","-0.367966","141565","7822.28","29.16","11.0919","0","82.0824","-131.965","92.7751"
"23","Day 3","1","Acclimation","Right","Air","3833.52","13.9299","96.7888","100.461","2.77296","-0.356638","42545.3","880.391","0","47.2204","102.12","43.1676","67.8661","72.4866"
"25","Day 3","2","Acclimation","Left","Air","4591.03","16.4837","111.985","83.3592","0.479936","-11.7648","11371.1","1115.71","23.24","36.9951","0","56.2592","91.619","87.993"
"27","Day 3","2","Acclimation","Right","Air","1804.51","6.17815","87.305","62.2646","25.2766","-0.0583958","39486","600.748","0","19.4774","60.52","78.0429","70.8678","-33.2301"
"29","Day 3","2","Acclimation","Left","Air","1204.94","4.31261","89.2588","58.5726","34.8487","-0.0414851","4818.25","201.074","43.2","8.13225","0","85.2686","96.977","179.7"
"31","Day 3","3","Acclimation","Right","Air","4743.28","15.8109","156.187","94.0686","0.679909","-0.049895","112313","2426.79","0","31.3958","49.28","68.6042","-86.5522","-107.624"
"33","Day 3","3","Acclimation","Left","Air","24246.6","87.6468","73.7822","140.428","1.10652","-27.5807","161308","10269.9","15.2","81.7758","0","12.2784","49.9826","43.2941"
"35","Day 3","3","Acclimation","Right","Air","7061.81","23.5519","63.2303","176.357","1.10652","-0.482184","153286","5026.95","0","99.7867","21.68","0.213305","104.444","98.344"
"168","Day 3","9","Acclimation","Left","Air","4212.55","15.7727","89.1985","84.6222","0","1.02565","2202.5","180.129","23.958","44.3135","0","43.3426","-122.196","-142.131"
"170","Day 3","9","Acclimation","Right","Air","4143.85","15.242","52.3005","121.074","6.86546","4.91691","2950.71","204.642","0","81.9001","110.623","13.3148","1.0109","43.6969"
"172","Day 3","9","Acclimation","Left","Air","9527.17","41.9552","89.5018","89.5104","16.4355","-1.20205","3955.59","534.492","35.8328","48.1276","0","36.7545","176.539","-113.476"
"174","Day 3","11","Acclimation","Right","Air","3647.88","12.4538","69.2947","125.819","0.0693481","-0.102362","474.325","38.7558","0","74.1331","39.791","24.9653","-79.2041","-36.7163"
"176","Day 3","11","Acclimation","Left","Air","4164.85","16.0575","70.5817","153.017","0.346741","-3.89378","4490.85","214.23","4.99992","78.1553","0","16.5049","-178.649","-141.563"
"178","Day 3","11","Acclimation","Right","Air","3526.68","16.6454","92.833","100.943","2.14979","-4.53762","2035.91","176.006","1.87497","46.3939","21.8746","39.7365","-164.567","157.699"
"180","Day 3","10","Acclimation","Left","Air","3436.15","11.9781","92.3484","119.465","0","-0.057622","165.381","25.9336","45.2076","58.6685","0","37.9334","121.981","138.385"
"182","Day 3","10","Acclimation","Right","Air","3227.32","11.1449","57.6327","169.866","0.0693481","-0.0648787","3062.39","104.249","0","98.2663","138.748","0.0693481","-162.454","-151.046"
"184","Day 3","10","Acclimation","Left","Air","4061.95","14.7486","56.7207","154.691","8.11373","4.55892","3448.33","215.634","23.5413","86.061","0","9.362","118.784","100.39"
"186","Day 3","12","Acclimation","Left","Air","4293.67","15.5782","77.8482","106.335","3.05132","-2.43672","2731.02","182.797","8.95819","56.0333","0","37.1706","-26.3016","90.5629"
"188","Day 3","12","Acclimation","Right","Air","5319.34","19.6561","94.1447","83.3464","0.416089","-0.0293183","3438.81","208.286","0","42.8571","5.20825","51.4563","98.0381","114.136"
"190","Day 3","12","Acclimation","Left","Air","4364.46","17.5901","108.029","61.8929","2.21914","-0.902515","2886.13","210.406","18.5414","24.6879","0","62.2053","136.88","116.959"
"324","Day 3","18","Acclimation","Left","Air","2646.98","8.99839","80.8347","120.812","2.35784","0.0591921","231.983","25.5841","3.12495","68.2386","0","30.3745","97.7814","95.26"
"326","Day 3","18","Acclimation","Right","Air","2487.3","8.83734","61.9684","165.521","2.01669","0.0879753","179.056","30.5137","0","86.6481","271.037","9.24896","72.6592","91.0647"
"328","Day 3","18","Acclimation","Left","Air","1164.65","5.44874","53.2548","118.688","30.6333","0.0561905","293.562","22.3384","16.4581","74.0795","0","7.51105","169.387","129.731"
"330","Day 3","19","Acclimation","Right","Air","2679.38","8.9563","65.3826","146.107","0.138985","-0.0138757","166.115","17.8211","0","91.2439","62.0823","8.5476","-109.175","-112.191"
"332","Day 3","19","Acclimation","Left","Air","2544.8","9.71778","81.6174","135.432","1.66436","0.013177","240.362","31.4659","79.3737","67.337","0","23.7864","125.655","106.331"
"334","Day 3","19","Acclimation","Right","Air","3010.67","10.2347","55.8089","174.828","1.66436","0.00395582","3140.16","108.234","0","99.0985","158.122","0.0693481","91.8905","94.7326"
"336","Day 3","20","Acclimation","Left","Air","6312.7","21.3993","128.565","68.2523","1.24827","-1.65059","1468.72","172.406","30.6245","18.516","0","80.4438","149.618","93.8864"
"338","Day 3","20","Acclimation","Right","Air","7111.64","25.7245","168.838","61.5218","0","-0.967372","4263.86","290.948","0","3.05132","0.62499","92.7878","164.409","132.93"
"340","Day 3","20","Acclimation","Left","Air","5697.3","20.593","167.315","58.9872","0.970874","-0.792508","2314.08","205.78","","0","0","97.3648","138.739","94.6818"
"20","Day 3","1","Sound","Right","Air","5052.3","18.8378","42.8706","132.065","1.13318","9.01764","58870.8","1169.65","0","79.4561","3.24","10.252","75.2047","146.037"
"22","Day 3","1","Sound","Left","Air","4066.98","13.9109","134.055","55.7837","2.69297","-0.0632677","71578.7","2174.86","","0","0","97.5603","112.302","-107.683"
"24","Day 3","1","Sound","Right","Air","3043.93","11.5458","109.196","65.0935","18.6508","-0.0303429","73798.4","2635.35","0","2.69297","9.2","85.1753","24.8128","-77.1665"
"26","Day 3","2","Sound","Left","Air","3579.53","12.4445","140.676","58.0472","5.25263","0.149952","41746.6","743.332","248.6","9.61205","0","86.4285","70.4433","-61.0641"
"28","Day 3","2","Sound","Right","Air","1460.58","4.87121","45.054","125.983","35.6086","-0.105566","7506.54","246.952","0","100","","0","-9.9437","0.843275"
"30","Day 3","2","Sound","Left","Air","1368.03","4.78733","104.84","50.6039","38.6615","-0.0121051","4919.1","204.913","8.68","6.35915","0","89.0015","-178.153","16.9873"
"32","Day 3","3","Sound","Right","Air","45088.8","161.771","81.9475","109.653","12.3317","-36.2208","157645","17325","0","66.1645","2.52","29.7694","160.516","141.545"
"34","Day 3","3","Sound","Left","Air","8457.8","28.1927","141.685","37.6591","0.0266631","-0.407559","75252","3379.44","","0","0","100","100.59","76.4276"
"36","Day 3","3","Sound","Right","Air","2557.4","8.52466","35.6278","124.124","6.2525","-0.0153635","1185.02","124.622","0","100","","0","-64.5721","-9.77004"
"169","Day 3","9","Sound","Left","Air","3630.62","12.4392","106.145","74.5009","1.59833","-0.295028","3678.85","146.843","6.2499","31.7582","0","65.0452","98.1601","114.55"
"171","Day 3","9","Sound","Right","Air","792.862","3.52389","45.6715","120.859","43.828","-0.0579355","119.358","18.5523","0","83.0791","","0","-116.333","-91.9417"
"173","Day 3","9","Sound","Left","Air","1175.26","5.6583","56.9691","107.427","30.1664","3.21041","2901.29","95.2835","8.12487","64.6325","0","11.6505","95.5314","101.713"
"175","Day 3","11","Sound","Right","Air","2537.97","11.4389","40.4966","155.458","4.36893","0.131993","168.789","28.2956","0","83.8419","","0","16.1376","43.8015"
"177","Day 3","11","Sound","Left","Air","2647.97","10.0558","140.889","37.8429","4.29958","0.0413618","164.172","18.547","6.45823","4.71567","0","88.6269","92.9867","108.338"
"179","Day 3","11","Sound","Right","Air","1192.86","5.75459","35.7523","127.107","19.2788","-0.138584","163.637","25.128","0","79.8197","","0","-25.4144","46.2888"
"181","Day 3","10","Sound","Left","Air","3580.24","12.4713","167.098","57.7809","1.46546","-0.0916797","312.177","37.1725","19.3747","4.2568","0","95.1151","-153.152","-164.934"
"183","Day 3","10","Sound","Right","Air","758.012","2.92721","43.6048","144.51","52.78","-0.0447957","129.41","16.1655","0","99.1386","","0","17.4276","39.8655"
"185","Day 3","10","Sound","Left","Air","2947.13","11.0519","141.948","43.5223","2.6038","0.089443","213.851","26.2036","0.41666","0.774103","3.33328","95.5665","94.9501","64.0289"
"187","Day 3","12","Sound","Left","Air","5838.32","20.7281","134.195","43.3132","0.277393","-0.251541","2441.42","88.3131","0","6.44938","6.66656","91.4008","105.234","98.6961"
"189","Day 3","12","Sound","Right","Air","8372.55","29.6816","35.953","142.136","0.138697","-2.42873","3090.79","268.044","0","93.62","3.12495","2.91262","83.002","93.7872"
"191","Day 3","12","Sound","Left","Air","10899","36.8941","126.68","36.5783","0","1.43153","4159.93","394.62","2.49996","1.59501","0","97.9889","104.321","121.242"
"325","Day 3","18","Sound","Left","Air","1919.65","8.02654","142.911","50.6636","6.94445","-0.131776","225.143","23.9299","25.2079","0.277778","0","85.1389","-98.5406","122.809"
"327","Day 3","18","Sound","Right","Air","2299.88","8.5711","90.5587","93.9439","14.7226","0.0150794","245.914","24.0207","127.706","51.9915","0","41.4651","168.781","106.288"
"329","Day 3","18","Sound","Left","Air","2689.32","10.1326","118.883","51.653","12.2053","-0.0881653","1073.28","47.2277","6.2499","9.01526","0","83.7725","-102.032","166.264"
"331","Day 3","19","Sound","Right","Air","2704.76","10.0333","55.7575","166.987","1.7991","0.0197392","204.041","33.2852","0","95.5022","21.458","2.9985","-172.077","134.379"
"333","Day 3","19","Sound","Left","Air","2585.34","9.5755","120.448","50.5702","17.8225","0.824268","2796.78","130.684","11.2498","0.832178","0","93.0652","63.1044","81.1291"
"335","Day 3","19","Sound","Right","Air","1756.15","6.78168","43.3136","114.014","26.6761","-0.00673775","2212.36","81.4225","0","91.1785","161.456","0.0705716","-87.3026","-53.5145"
"337","Day 3","20","Sound","Left","Air","2671.05","10.8287","128.403","50.376","4.36893","-0.108076","265.058","28.748","38.7494","4.78502","0","84.1193","-167.655","175.116"
"339","Day 3","20","Sound","Right","Air","3982.45","15.1594","173.968","60.0854","1.45631","-0.638865","1405.9","133.246","0","0.762829","4.58326","94.6602","-154.546","-157.856"
"341","Day 3","20","Sound","Left","Air","3054.15","12.9851","156.142","49.1313","1.59501","-2.51193","948.377","98.4143","","0","0","86.9626","-124.69","-113.683"
"84","Day 3","4","Acclimation","Right","CO2","2770.58","10.6086","79.7707","99.0963","6.3263","0.140763","427.34","35.0461","2.83329","56.4928","7.33322","31.2986","-89.3387","-81.7252"
"86","Day 3","4","Acclimation","Left","CO2","2950.32","10.5606","71.6302","101.852","4.43828","-2.08674","238.924","81.808","20.208","63.7309","0","29.0569","120.016","106.232"
"88","Day 3","4","Acclimation","Right","CO2","1721.73","5.94137","59.7545","106.787","38.1415","0.00870767","2334.01","82.1595","0","80.0277","41.8743","15.6033","22.7272","120.229"
"90","Day 3","5","Acclimation","Left","CO2","4661.77","16.5509","62.5702","123.111","10.749","-0.253051","2381.58","165.589","1.87497","75.3121","0","18.6546","-48.6102","-110.256"
"92","Day 3","5","Acclimation","Right","CO2","5850.99","20.8967","59.6412","115.227","0.277393","-4.61501","2591.56","252.172","0","77.1151","8.74986","19.0707","-136.742","177.156"
"94","Day 3","5","Acclimation","Left","CO2","13340.8","60.1622","135.579","52.4542","0.748752","2.12658","3205.36","496.688","133.498","13.7271","59.499","64.4759","-145.761","-153.724"
"96","Day 3","6","Acclimation","Right","CO2","4875.29","16.7995","116.055","83.0918","0","0.0730676","1671.63","103.374","0","35.9223","13.3331","62.4133","135.844","108.422"
"98","Day 3","6","Acclimation","Left","CO2","3103.25","11.5921","133.222","55.1024","2.08044","-0.0957853","334.604","34.037","64.1656","10.6796","0","84.9515","-146.722","-148.648"
"100","Day 3","6","Acclimation","Right","CO2","3686.8","12.9269","87.5238","118.17","0.0693481","0.162784","1201.37","53.3771","0","61.5811","88.3319","35.6449","-122.983","152.872"
"102","Day 3","7","Acclimation","Left","CO2","3188.08","10.9074","98.9351","91.8759","2.28849","-1.30988","1036.67","65.165","36.6661","47.4341","0","49.4452","92.1053","107.052"
"104","Day 3","7","Acclimation","Right","CO2","4459.71","15.4118","67.3344","130.398","1.52566","-2.92893","2931.02","227.87","0","76.2829","6.66656","21.6366","55.087","90.2726"
"106","Day 3","7","Acclimation","Left","CO2","3004.85","10.8041","98.0049","95.8533","1.04022","0.945875","1217.79","67.7293","85.832","47.4341","0","48.4743","90.4687","77.3964"
"108","Day 3","8","Acclimation","Right","CO2","3852","13.0486","104.83","106.852","1.45631","-0.0631433","2720.02","108.799","0","50.208","15.6247","47.8502","-73.1305","-68.8532"
"110","Day 3","8","Acclimation","Left","CO2","3750.01","13.2161","112.731","119.881","0.0693481","1.79563","3158.5","159.119","49.9992","49.8613","0","46.6019","-89.1498","-81.1162"
"112","Day 3","8","Acclimation","Right","CO2","3458.4","11.528","79.7473","181.69","87.7415","-2.17236","5649.64","292.901","0.2","5.3964","0.8","9.46036","-177.168","-174.643"
"246","Day 3","13","Acclimation","Right","CO2","4198.14","14.4248","107.579","101.166","0.0693481","-0.133897","381.734","38.2965","0","46.8793","27.2912","51.595","-157.401","136.679"
"248","Day 3","13","Acclimation","Left","CO2","5162.77","17.3177","164.199","57.5875","0","-1.92158","1248.56","107.897","300.204","0.0693481","0","99.792","-175.38","150.272"
"250","Day 3","13","Acclimation","Right","CO2","3261.77","11.2315","71.4026","127.596","0","-0.129435","173.034","20.0229","0","86.7545","241.038","11.8585","-16.6416","-53.4067"
"252","Day 3","14","Acclimation","Left","CO2","4403.6","15.2376","98.0509","91.4715","0.665927","-0.248771","409.875","53.7781","49.1659","44.7836","0","52.5527","-106.114","-128.245"
"254","Day 3","14","Acclimation","Right","CO2","8132.5","30.0652","127.217","87.9698","2.83019","-14.2996","4711.93","391.222","0","31.1876","19.6664","56.1043","-179.699","155.581"
"256","Day 3","14","Acclimation","Left","CO2","4141.05","16.325","79.7004","115.686","0.221976","-1.85169","4040.88","245.606","5.49991","57.1032","0","32.131","167.268","131.94"
"258","Day 3","15","Acclimation","Right","CO2","2673.84","9.00297","122.344","54.7919","3.10766","0.0481164","234.112","23.6736","0","17.7026","4.49993","81.2431","89.6673","120.427"
"260","Day 3","15","Acclimation","Left","CO2","2729.28","9.96102","77.4366","99.342","4.5505","0.144494","3178.36","98.809","44.9993","58.2131","0","35.7381","116.74","115.049"
"262","Day 3","15","Acclimation","Right","CO2","1724.86","5.99265","45.3141","121.256","28.4129","0.05831","1129.13","52.7854","0","82.3529","14.9998","15.3163","72.8255","101.638"
"264","Day 3","16","Acclimation","Left","CO2","4027.23","14.281","146.7","62.911","1.86542","-0.0520333","3081.84","129.05","33.2","13.7242","0","83.4777","115.128","-149.045"
"266","Day 3","16","Acclimation","Right","CO2","14428","50.4123","101.166","114.443","0.40678","-9.30122","5380.2","609.749","0","56.8136","0.4","42.4407","-111.09","-143.28"
"268","Day 3","16","Acclimation","Left","CO2","1982.46","6.66383","176.092","55.6068","3.05768","0.038606","320.802","31.4307","","0","0","99.861","-110.481","-132.583"
"270","Day 3","17","Acclimation","Right","CO2","4779.94","16.2264","117.039","89.8354","1.12469","6.69455","51584","1436.79","0","40.3082","4.62493","57.0119","-98.1124","-128.484"
"272","Day 3","17","Acclimation","Left","CO2","8114.8","29.6165","132.248","92.0049","2.05498","17.0353","73186.3","3142.19","4.4166","33.4074","0","55.679","-73.0638","-76.3037"
"274","Day 3","17","Acclimation","Right","CO2","6107.44","21.8419","58.557","168.806","0.860872","-2.49288","78528.1","2937.38","0","87.8506","4.49993","5.97056","60.323","-69.6274"
"85","Day 3","4","Sound","Right","CO2","1022.54","3.43956","46.8857","117.986","62.4827","-0.0138621","124.129","10.7753","0","99.3065","","0","158.577","151.31"
"87","Day 3","4","Sound","Left","CO2","1619.2","7.11748","98.7193","60.7741","13.2455","-0.23683","1806.24","107.583","3.33328","19.0014","9.16652","56.8655","-47.1642","-155.289"
"89","Day 3","4","Sound","Right","CO2","855.031","3.03118","53.7563","112.712","47.7083","-0.00152589","170.511","11.258","0","83.4722","7.91654","11.25","119.209","110.535"
"91","Day 3","5","Sound","Left","CO2","5456.61","18.6421","101.282","83.3785","7.4896","0.0469831","2201.98","182.557","29.1662","44.1054","0","54.577","26.8879","-101.569"
"93","Day 3","5","Sound","Right","CO2","3116.61","11.0032","56.1804","130.87","31.9468","-0.0418976","2539.27","197.902","2.99995","82.3627","2.49996","13.3111","-15.9935","1.54579"
"95","Day 3","5","Sound","Left","CO2","8218.41","32.6781","135.234","59.6667","4.82529","1.71433","2917.13","295.963","10.9998","11.6473","0","83.777","-116.799","-123.101"
"97","Day 3","6","Sound","Right","CO2","3604.22","13.4009","112.217","89.3864","1.38696","-0.0499621","326.966","37.3732","0","36.3384","17.2914","58.6685","-114.183","-51.9338"
"99","Day 3","6","Sound","Left","CO2","2367.41","8.4426","135.774","50.5829","7.07842","-0.0249085","263.095","21.7266","86.4569","2.63706","0","92.9216","97.0281","158.645"
"101","Day 3","6","Sound","Right","CO2","2739.55","9.49462","48.1018","123.136","26.491","-0.16552","3957.74","195.235","0.41666","97.5728","2.29163","0.277393","-86.3245","-73.0144"
"103","Day 3","7","Sound","Left","CO2","1731.8","6.25962","130.221","75.4606","32.9404","-0.156558","203.651","24.5389","84.9986","24.5492","0","69.0707","-91.4853","-98.346"
"105","Day 3","7","Sound","Right","CO2","649.419","2.26545","125.999","53.2841","69.6255","-0.0544425","135.837","12.5403","0","3.81415","15.8331","93.4119","-77.1548","-9.77809"
"107","Day 3","7","Sound","Left","CO2","1436.89","5.05288","46.4567","126.496","27.8779","-0.0183463","145.982","14.2849","6.2499","94.1054","0","1.10957","48.707","69.5961"
"109","Day 3","8","Sound","Right","CO2","4237.84","15.6356","109.202","102.816","4.29958","-1.87316","3210.1","192.907","0","45.7698","7.08322","47.5728","-81.5634","-81.7297"
"111","Day 3","8","Sound","Left","CO2","3097.4","11.1119","97.3736","123.883","1.59611","-0.314553","400.499","32.1877","24.5829","56.9743","0","39.5559","-77.0005","-76.9793"
"113","Day 3","8","Sound","Right","CO2","4948.22","17.3879","125.568","97.7467","4.37196","0.502507","2779.52","210.055","0","37.5434","10.8332","59.195","-77.1004","-76.0406"
"247","Day 3","13","Sound","Right","CO2","3095.14","10.3101","43.7905","153.44","2.77393","-0.0104044","742.137","32.0682","0","100","","0","31.5861","22.7899"
"249","Day 3","13","Sound","Left","CO2","3131.89","10.6018","140.534","37.7874","1.31761","0.0179513","1340.4","49.2051","","0","0","99.3759","-100.631","-58.7228"
"251","Day 3","13","Sound","Right","CO2","5230.17","17.4949","31.6702","153.983","1.7337","2.1001","4773.78","257.696","0","99.4452","7.29155","0.554785","13.6494","-6.18386"
"253","Day 3","14","Sound","Left","CO2","4049.88","15.4284","95.8907","109.303","1.10988","-0.24525","1541.8","80.4685","30.9995","50.222","0","41.8979","91.3175","141.931"
"255","Day 3","14","Sound","Right","CO2","1453.68","5.4582","44.6141","126.633","31.465","-0.00653724","338.429","25.113","0","91.343","","0","-142.173","-138.344"
"257","Day 3","14","Sound","Left","CO2","6880.56","28.8902","117.769","47.7528","3.21865","-1.38592","3482.71","361.382","21.1663","3.16315","0","78.8013","103.965","104.677"
"259","Day 3","15","Sound","Right","CO2","2362.75","8.61285","47.757","129.308","15.4273","-0.182178","720.973","37.3517","0","82.02","79.6654","11.9312","92.0028","102.374"
"261","Day 3","15","Sound","Left","CO2","1551.38","5.7566","120.816","57.8809","40.2331","-0.0911687","2199.22","71.8144","0","12.3196","1.99997","79.8557","87.295","122.192"
"263","Day 3","15","Sound","Right","CO2","768.986","3.01568","43.2264","120.117","53.4703","-0.0523493","161.302","12.8913","0","86.6741","","0","19.0585","51.7119"
"265","Day 3","16","Sound","Left","CO2","3632.24","12.4562","173.929","59.7893","3.13125","-0.140418","472.955","56.1513","49.8","4.66356","0","94.004","111.434","132.856"
"267","Day 3","16","Sound","Right","CO2","3788.26","13.8597","50.2721","127.068","3.56145","1.309","2041.15","112.014","0","78.8408","1.45831","15.9916","48.4599","65.9994"
"269","Day 3","16","Sound","Left","CO2","2576.6","9.72317","188.475","58.5625","2.23464","-0.170723","272.686","40.6393","","0","0","93.9944","-129.885","-117.378"
"271","Day 3","17","Sound","Right","CO2","7886.31","28.6649","182.298","63.1516","1.73526","-2.04697","21312.9","1765.64","0","4.17324","14.7914","90.621","-166.548","-174.285"
"273","Day 3","17","Sound","Left","CO2","12167.1","43.3065","157.498","80.0938","2.29103","-19.9265","88664.1","3953.8","27.6246","20.2166","0","75.1458","-151.617","177.175"
"275","Day 3","17","Sound","Right","CO2","9498.63","36.61","116.765","90.9609","13.9492","5.62156","55193.4","3636.56","0","38.4066","127.415","51.2279","114.137","-25.3812"
"37","Day 7","3","Acclimation","Left","Air","2576.9","13.8235","164.814","65.8698","1.79117","0.776539","27942.4","1336.45","","0","0","48.0839","-82.9869","-115.843"
"39","Day 7","3","Acclimation","Right","Air","2766.93","9.22196","80.7523","148.162","40.1694","-0.0197763","82681.9","2046.33","0","74.8264","125.706","21.8134","-97.5877","-103.79"
"41","Day 7","3","Acclimation","Left","Air","2978.65","9.92761","174.632","55.7505","13.8156","-0.0313615","17045.3","695.081","","0","0","100","-100.493","-70.5978"
"43","Day 7","2","Acclimation","Right","Air","3688.49","12.9366","133.313","107.279","1.16634","-0.0534509","50470","981.647","0","42.0855","60.7074","53.1102","-2.43622","5.9307"
"44","Day 7","2","Acclimation","Left","Air","1800.27","6.99826","45.7506","111.891","17.9811","-0.899024","4025.16","280.548","0","86.2955","","0","116.335","114.932"
"46","Day 7","2","Acclimation","Right","Air","3754.56","12.6467","57.2858","119.429","10.3586","-0.0263017","91817.6","1593.97","0","88.4015","21.48","10.3186","-76.7236","-83.4077"
"48","Day 7","1","Acclimation","Left","Air","5774.78","19.2673","172.312","60.6991","2.77296","0.0116041","36196.7","2211.33","","0","0","92.9609","-94.3784","-79.7341"
"50","Day 7","1","Acclimation","Right","Air","3574.41","12.6322","169.797","56.1391","2.86628","0.320328","24514.6","951.154","0","3.65285","13.2","91.1212","97.221","37.3293"
"52","Day 7","1","Acclimation","Left","Air","5437.22","19.2101","119.028","80.303","3.29289","0.0639694","38002.5","2461.82","67.24","19.2108","0","70.2573","-66.5717","-104.837"
"192","Day 7","9","Acclimation","Left","Air","2138.69","7.44984","65.8026","150.447","3.7448","-0.0642861","194.685","22.5405","1.04165","96.3939","","0","72.2918","50.0979"
"194","Day 7","9","Acclimation","Right","Air","6858.99","26.4447","173.488","57.8016","3.19001","-1.67352","1427.44","257.909","0","0.485437","3.12495","97.9196","107.793","68.8336"
"196","Day 7","9","Acclimation","Left","Air","4968.76","34.8182","176.049","55.752","0.624133","-8.31343","1446.89","258.274","","0","0","88.3495","133.388","80.7288"
"198","Day 7","11","Acclimation","Right","Air","4345.46","15.0494","70.3513","130.766","0","0.977272","2825.14","111.389","0","68.7933","38.541","24.9653","-0.634305","-122.437"
"200","Day 7","11","Acclimation","Left","Air","611.72","2.03769","68.6317","204.095","97.5728","-0.0265435","3981.93","148.915","1.04165","1.17892","0","0.277393","29.7485","44.7191"
"202","Day 7","11","Acclimation","Right","Air","614.544","2.04709","67.8344","203.863","97.6422","-0.000147629","1446.62","72.8869","0","2.21914","","0","83.521","93.4192"
"204","Day 7","10","Acclimation","Left","Air","3123.2","10.4471","85.0093","95.5583","0.485437","-2.24244","259.337","87.9271","64.5823","52.4272","0","44.4521","159.619","120.306"
"206","Day 7","10","Acclimation","Right","Air","2874.6","10.1384","123.719","87.6763","0.693481","0.301455","1443.91","62.5106","0","31.484","81.0404","65.6727","152.546","120.033"
"208","Day 7","10","Acclimation","Left","Air","5815.88","20.9585","77.4831","110.903","0.34674","-3.96852","3466.31","274.407","25.2079","57.6283","0","39.1817","100.928","140.079"
"210","Day 7","12","Acclimation","Right","Air","3105.3","10.534","69.7817","117.755","1.04022","-0.0672921","322.945","37.9506","0","69.8336","10.4165","25.7282","55.8342","77.8443"
"212","Day 7","12","Acclimation","Left","Air","1795.14","8.88331","72.9373","127.323","11.0957","-0.428516","194.268","35.898","31.6662","59.5007","0","15.3259","108.889","85.9293"
"214","Day 7","12","Acclimation","Right","Air","2275.07","11.4832","139.495","73.0465","8.66852","0.58271","868.818","76.114","0","19.0707","11.0415","53.19","68.7622","62.9861"
"342","Day 7","18","Acclimation","Right","Air","2216.87","7.40512","57.7697","177.467","0.625869","0.0168767","167.861","17.1747","0","100","","0","-59.6483","-103.105"
"344","Day 7","18","Acclimation","Left","Air","4809.01","16.4413","108.29","70.5406","7.42025","-2.11317","2526.9","217.309","19.1664","24.4799","0","73.9251","139.622","46.1151"
"346","Day 7","18","Acclimation","Right","Air","3840.36","13.9125","142.915","52.8756","1.45631","-0.309733","1758.75","145.09","0","9.01526","6.87489","85.0208","-126.268","-153.014"
"348","Day 7","19","Acclimation","Left","Air","9111.31","30.5412","159.612","58.5878","1.04022","0.197483","3493.19","283.347","1.04165","0.0693485","0","99.9307","162.139","113.321"
"350","Day 7","19","Acclimation","Right","Air","9760.38","33.5846","152.668","70.2382","0.624133","-1.5003","2929.18","330.511","0","12.7601","21.0413","84.8128","-175.424","152.742"
"352","Day 7","19","Acclimation","Left","Air","3161.89","11.2175","175.699","58.3964","2.08044","0.0397981","986.152","75.4279","","0","0","96.7406","-174.239","-109.854"
"354","Day 7","20","Acclimation","Right","Air","5747.37","19.1449","61.8624","148.031","0","-0.00572364","3100.69","241.608","0","99.5839","87.9153","0.346741","-99.6332","-134.731"
"356","Day 7","20","Acclimation","Left","Air","6915.89","23.8998","140.937","61.6593","1.59501","-0.422593","3207.28","355.768","190.414","11.9279","0","87.0319","139.413","87.5363"
"358","Day 7","20","Acclimation","Right","Air","7079.11","24.7309","92.377","118.199","2.49653","-5.86144","4771.65","311.611","0","56.1026","147.498","43.2732","118.873","74.8542"
"38","Day 7","3","Sound","Left","Air","5664.98","19.4065","165.124","61.2911","5.88979","1.19259","31461.6","1542.96","","0","0.249996","92.4093","-46.9794","-133.72"
"40","Day 7","3","Sound","Right","Air","3659.23","12.1959","60.6389","187.558","6.06776","0.0257489","79605.7","1711.41","0","99.875","67.9572","0.0416551","38.069","42.1226"
"42","Day 7","3","Sound","Left","Air","2550.93","8.50205","165.456","51.6843","6.87309","0.0362374","6775.64","381.118","","0","0","100","-20.9333","16.6996"
"45","Day 7","2","Sound","Left","Air","3312.25","11.2536","106.836","76.1801","3.86004","0.403422","97628","1930.76","6.99989","34.1433","0","59.2474","8.91086","96.6233"
"47","Day 7","2","Sound","Right","Air","1157.59","3.89497","46.3259","111.437","48.1003","0.0341354","6565.19","234.906","0","99.4401","","0","-30.514","-6.99428"
"49","Day 7","1","Sound","Left","Air","10353.5","34.5579","132.484","62.1259","3.65285","6.2976","67849.7","4152.39","","0","0","90.2946","-95.1497","-101.7"
"51","Day 7","1","Sound","Right","Air","3556.7","17.9016","157.294","61.0065","2.22637","0.0120393","29467.5","1680.83","","0","91.32","62.6716","-5.13421","-12.3063"
"53","Day 7","1","Sound","Left","Air","4651","15.6705","173.049","57.0438","11.4118","0.173177","14480.5","1126.21","","0","0","98.0269","-26.9245","-55.1881"
"193","Day 7","9","Sound","Left","Air","9211.26","58.7181","159.529","54.459","2.35784","0.715374","4870.91","664.142","2.49996","3.32871","0","73.301","-162.526","-153.477"
"195","Day 7","9","Sound","Right","Air","3670.57","24.4709","61.5215","133.411","5.06241","8.49593","4810.24","387.064","16.2497","55.9639","0","19.6949","129.678","128.041"
"197","Day 7","9","Sound","Left","Air","5346.3","19.9399","142.766","40.5426","0.0693481","-1.69512","1668.07","155.95","","0","0","95.6311","95.768","73.528"
"199","Day 7","11","Sound","Right","Air","662.489","2.20987","20.1797","156.433","96.4632","-0.00330425","924.381","58.154","0","100","","0","-114.974","-110.912"
"201","Day 7","11","Sound","Left","Air","444.535","1.48078","68.4382","203.706","97.2954","-0.0662627","1560.06","77.8405","0","1.8724","","0","86.8414","91.7723"
"203","Day 7","11","Sound","Right","Air","37.2294","0.124014","68.4153","205.319","99.5146","-0.0260583","6.03185","0.944981","0","0.0693481","","0","84.7794","88.9724"
"205","Day 7","10","Sound","Left","Air","3043.99","10.9531","167.819","60.4369","0.138696","0.542067","225.195","30.6464","11.8748","4.99307","0","92.0943","-149.767","-129.43"
"207","Day 7","10","Sound","Right","Air","8592.84","28.8637","178.258","59.2585","0","-2.60769","4856.94","315.822","0","0.693481","0.20833","99.1678","-169.96","-171.341"
"209","Day 7","10","Sound","Left","Air","3447.76","12.2498","169.816","69.6527","1.52566","-0.812934","588.615","60.4205","0.83332","12.2746","0","85.853","-154.241","-164.564"
"211","Day 7","12","Sound","Right","Air","1545.91","9.26406","57.7656","145.422","13.5229","-0.432323","246.701","44.5158","0","57.6976","113.54","7.62829","87.742","83.5076"
"213","Day 7","12","Sound","Left","Air","2133.12","11.1903","112.294","67.8627","8.94591","-0.204076","196.865","41.0574","21.6663","18.516","0","52.982","108.879","49.4286"
"215","Day 7","12","Sound","Right","Air","572.134","4.79282","47.5552","122.741","26.0055","-0.441302","149.919","31.3891","0","46.1165","","0","151.197","89.6344"
"343","Day 7","18","Sound","Right","Air","2732.88","9.12878","55.3371","174.322","1.8724","0.0305603","161.584","25.7011","0","96.5326","282.079","3.12067","50.7515","67.798"
"345","Day 7","18","Sound","Left","Air","4514.71","15.2291","115.157","59.932","15.8807","-0.742623","1974.1","218.365","36.8744","7.21221","0","92.025","132.262","52.5268"
"347","Day 7","18","Sound","Right","Air","3077.35","10.7273","64.4631","142.498","0.208044","-0.0302306","1748.86","82.2364","0","88.3495","3.95827","9.43135","175.237","143.161"
"349","Day 7","19","Sound","Left","Air","3478.49","11.9692","126.477","45.4913","4.57698","-0.0317483","1432.05","65.0508","229.996","10.749","0","86.4078","-161.389","-133.771"
"351","Day 7","19","Sound","Right","Air","3702.36","12.3328","28.7036","134.034","8.73786","0.00881722","2271.48","83.4695","0","99.9307","36.6661","0.0693481","121.363","133.099"
"353","Day 7","19","Sound","Left","Air","6060.66","20.5449","157.411","55.956","0.554785","0.98308","1395.1","166.817","","0","0","99.6533","176.148","138.154"
"355","Day 7","20","Sound","Right","Air","3019.97","11.0153","49.7983","150.782","13.5922","-2.03827","2857.1","160.016","0","88.9736","29.5829","5.20111","16.8746","60.7383"
"357","Day 7","20","Sound","Left","Air","2600.41","8.77171","173.88","40.5864","5.96394","-0.0725095","940.641","43.6354","","0","0","99.792","-168.864","174.722"
"359","Day 7","20","Sound","Right","Air","3015.63","10.4289","62.8518","138.146","5.68655","-4.26495","2293.36","170.156","0","89.8058","68.1239","9.362","148.258","126.863"
"114","Day 7","4","Acclimation","Left","CO2","4046.38","13.5635","71.3787","133.09","1.24827","-0.0390839","299.723","38.6803","2.0833","77.1845","0","21.5673","-162.294","-174.678"
"116","Day 7","4","Acclimation","Right","CO2","2513.28","11.839","94.5968","91.5","5.4785","-2.39447","1258.97","101.15","0","34.6047","4.99992","41.1928","-123.278","-176.753"
"118","Day 7","4","Acclimation","Left","CO2","1319.02","5.35197","96.0048","73.8989","18.3773","-0.0179438","217.088","15.7712","40.8327","33.1484","0","49.8613","-86.7398","-48.9591"
"120","Day 7","5","Acclimation","Right","CO2","4113.64","15.8601","85.9313","134.572","6.17198","0.643561","3291.32","179.914","0","63.7309","52.7075","22.9542","-16.8541","31.9314"
"122","Day 7","5","Acclimation","Left","CO2","14556.7","48.6923","168.468","46.7953","0.0693481","-1.14792","1755.69","261.398","249.163","0.0693481","0","99.5146","-159.55","-23.257"
"124","Day 7","5","Acclimation","Right","CO2","30385.8","102.282","47.9855","161.156","11.165","2.30287","5748.89","822.421","0","90.0139","17.4997","7.76699","164.115","-173.711"
"126","Day 7","6","Acclimation","Left","CO2","5204.06","17.6411","73.0728","119.975","0","0.117204","2652.44","179.791","50.6242","71.2205","0","27.7393","84.4397","86.3166"
"128","Day 7","6","Acclimation","Right","CO2","2577.73","11.0575","96.9513","74.9796","13.5922","-0.316587","1231.65","78.5519","7.70821","32.3856","0","54.6463","-146.579","160.151"
"130","Day 7","6","Acclimation","Left","CO2","5989.37","22.7989","139.122","62.1901","8.18308","-3.82434","3748.2","356.184","12.7081","11.4424","0","81.276","-113.105","162.479"
"132","Day 7","7","Acclimation","Right","CO2","5178.38","17.6038","60.1583","114.899","0","0.0780177","4948.3","209.256","0","69.9029","0.83332","27.9473","-87.1338","-83.1269"
"134","Day 7","7","Acclimation","Left","CO2","5108.73","18.0576","70.663","138.829","0","1.24899","3148.59","148.726","13.5414","74.2718","0","23.8558","-112.631","-136.538"
"136","Day 7","7","Acclimation","Right","CO2","10293.6","37.7752","100.112","99.3963","0.901526","-2.58953","3468.22","392.782","0","48.4743","23.333","48.9598","-175.823","161.018"
"138","Day 7","8","Acclimation","Left","CO2","6039.36","20.3434","130.62","90.2423","0","-6.41765","3295.53","275.906","118.956","30.7906","0","67.6144","85.3194","4.08521"
"140","Day 7","8","Acclimation","Right","CO2","3203.86","10.9848","102.918","127.858","0.908456","0.165639","301.247","42.4005","0","60.5171","182.705","38.7142","61.3841","89.7901"
"142","Day 7","8","Acclimation","Left","CO2","3807.15","12.9699","154.734","67.1134","0.554785","-2.09738","332.907","87.0344","133.54","12.0666","0","87.3786","132.712","9.98911"
"276","Day 7","13","Acclimation","Left","CO2","10836.8","36.2743","177.709","57.5163","0","-0.0182428","1345.42","224.879","","0","0","99.5839","165.953","127.88"
"278","Day 7","13","Acclimation","Right","CO2","5542.01","18.8133","63.0576","141.564","0.0693481","0.353761","4301.52","266.742","0","98.5437","0.62499","0.554785","-103.335","-124.506"
"280","Day 7","13","Acclimation","Left","CO2","3336.68","11.6993","86.3926","111.386","0.0693481","-0.0621929","2389.3","105.973","69.5822","67.8225","0","28.6408","-84.4763","-62.2786"
"282","Day 7","14","Acclimation","Right","CO2","4326.52","14.5533","112.441","78.0746","1.10957","-0.0755841","1216.25","72.4791","0","33.1484","51.2492","64.2857","-101.417","-100.756"
"284","Day 7","14","Acclimation","Left","CO2","8060.35","28.6171","140.361","85.0852","0","2.89647","3128.93","282.429","104.165","23.9945","0","55.6172","171.961","-172.435"
"286","Day 7","14","Acclimation","Right","CO2","5006.97","17.869","145.539","54.6027","0.208044","0.2234","2593.03","193.11","0","6.86546","8.12487","87.5173","104.655","100.207"
"288","Day 7","15","Acclimation","Left","CO2","3502.8","11.7578","68.4374","115.145","3.25936","-2.04464","320.559","82.4335","18.333","69.6949","0","28.8488","122.864","104.82"
"290","Day 7","15","Acclimation","Left","CO2","3337.84","11.9477","123.298","65.1941","1.8724","-2.36385","325.889","97.8394","98.3318","22.2607","0","72.8155","98.5276","114.28"
"292","Day 7","15","Acclimation","Right","CO2","1163.65","4.67807","101.581","74.9478","21.5673","-0.0144457","141.673","15.1172","0","27.1845","53.7491","57.4202","96.3352","98.459"
"294","Day 7","16","Acclimation","Right","CO2","5565.36","18.7336","174.068","61.8959","0.0694444","-2.52553","2600.64","162.374","0","6.52778","4.1666","91.875","-162.746","-173.563"
"296","Day 7","16","Acclimation","Left","CO2","4271.77","15.4404","94.7159","110.642","0.0693481","-3.31779","2370.97","152.387","49.1659","52.0804","0","44.3135","-82.5549","-86.1167"
"298","Day 7","16","Acclimation","Right","CO2","4163.35","14.7269","76.4096","105.161","0","-4.25257","2800.14","199.816","0","61.9279","12.7081","34.8821","-75.1706","-79.293"
"300","Day 7","17","Acclimation","Left","CO2","7129.61","24.1345","122.183","97.6511","0","-5.05295","3275.64","229.53","1.04165","40.9154","0","56.7268","102.041","92.155"
"302","Day 7","17","Acclimation","Right","CO2","5387.99","19.0167","116.007","100.396","0.208044","0.158059","3320.95","196.918","0","41.7476","14.3748","55.4785","80.5832","71.6842"
"304","Day 7","17","Acclimation","Left","CO2","4962.18","17.8552","102.947","105.144","0","6.778","4838.41","169.919","8.74986","49.0985","0","47.018","114.741","91.6236"
"115","Day 7","4","Sound","Left","CO2","2151.31","8.50615","109.433","62.0231","3.32871","0.0519418","249.408","26.69","6.66656","24.2025","0","65.0485","-87.8843","-134.766"
"117","Day 7","4","Sound","Right","CO2","606.057","3.27235","49.0054","125.741","34.7434","-0.0653273","112.656","13.6452","0","64.147","","0","103.892","95.4806"
"119","Day 7","4","Sound","Left","CO2","350.503","2.00053","49.6511","120.516","39.3031","-0.0060977","98.507","8.50702","25.2079","56.2369","0","4.1115","113.671","93.7527"
"121","Day 7","5","Sound","Right","CO2","13272.3","46.266","65.5579","154.806","15.0485","2.14717","5900.89","602.939","0","80.8599","80.207","13.5229","22.2472","83.9775"
"123","Day 7","5","Sound","Left","CO2","34218.9","114.462","113.212","93.2292","37.5434","-0.538842","3342.29","834.017","152.289","36.9188","0","61.4851","165.665","-175.509"
"125","Day 7","5","Sound","Right","CO2","32956.3","111.403","129.498","70.4836","0","-1.95924","3528.38","744.506","0","23.3703","12.4998","75.6588","166.774","152.907"
"127","Day 7","6","Sound","Left","CO2","3414.45","13.9013","73.5422","114.091","2.21914","0.17566","1209.45","94.1352","12.9165","58.7379","0","30.7906","91.5993","135.574"
"129","Day 7","6","Sound","Right","CO2","3896.53","15.5604","89.3089","101.202","6.31068","-2.0788","1323.64","124.496","0.20833","47.9889","0","44.6602","145.187","157.223"
"131","Day 7","6","Sound","Left","CO2","1377.08","4.59993","113.369","46.9627","47.3648","0.0156154","394.26","41.215","","0","0","100","108.183","-173.896"
"133","Day 7","7","Sound","Right","CO2","4324.53","16.4355","67.5254","130.743","3.32871","2.05187","2635.45","166.002","0","70.5964","14.9998","22.2607","-109.647","-129.52"
"135","Day 7","7","Sound","Left","CO2","8322.65","31.3574","121.093","71.4712","2.0111","0.188117","2895.2","327.617","2.0833","26.2829","0","69.6949","-156.616","-168.775"
"137","Day 7","7","Sound","Right","CO2","2900.93","10.0467","37.5664","132.727","8.04438","2.2622","2499.84","72.651","0","97.9889","13.5414","0.624133","44.284","61.5898"
"139","Day 7","8","Sound","Left","CO2","3688.04","12.3022","185.628","60.1704","0","-0.0380964","328.04","48.5211","","0","0","98.7517","111.443","29.7556"
"141","Day 7","8","Sound","Right","CO2","4318.44","15.6799","57.6365","170.576","2.5766","-6.27949","3137.77","277.006","0","91.5738","0.20833","2.85515","29.2688","44.3116"
"143","Day 7","8","Sound","Left","CO2","3337.29","11.4423","130.75","70.3744","6.17627","-2.80192","3318.82","222.235","187.289","17.3491","0","81.7488","94.7505","12.6811"
"277","Day 7","13","Sound","Left","CO2","3563.23","12.3672","139.025","35.1041","0.485437","-0.0117475","1174.17","57.2129","279.162","1.24827","0","96.8793","-101.221","-80.7032"
"279","Day 7","13","Sound","Right","CO2","6826.14","23.7263","64.181","129.265","1.04022","-0.767645","2994.32","344.666","0","78.1553","1.45831","20.3883","-45.3039","-43.8221"
"281","Day 7","13","Sound","Left","CO2","3501.56","11.664","162.149","45.3071","0.762829","-0.0100411","1168.77","67.0522","","0","0","100","-175.314","-82.3579"
"283","Day 7","14","Sound","Right","CO2","3314.13","11.9699","53.9043","142.066","1.04022","-0.125201","3155.17","122.406","0","92.7878","40.2077","3.25936","101.477","96.2982"
"285","Day 7","14","Sound","Left","CO2","5082.13","17.8193","127.414","42.3608","0","1.08198","1933.47","127.295","17.2914","2.01389","0","94.2361","122.862","58.915"
"287","Day 7","14","Sound","Right","CO2","3257.26","11.4375","56.2087","135.333","19.7642","1.24613","2745.41","159.237","0","90.0139","15.6247","8.32178","79.8579","68.8808"
"289","Day 7","15","Sound","Left","CO2","5192.63","19.2175","110.698","59.549","17.129","-2.61564","2767.38","271.347","11.6665","16.7129","0","76.2829","91.8165","112.196"
"291","Day 7","15","Sound","Left","CO2","882.141","4.23858","112.184","49.4596","43.6633","0.0701304","162.401","14.9209","119.373","7.12303","0","85.6614","99.3956","127.117"
"293","Day 7","15","Sound","Right","CO2","858.619","3.34532","51.0863","101.668","47.2261","-0.0405487","151.005","13.0757","0","76.1442","18.1247","9.57004","10.6101","23.9835"
"295","Day 7","16","Sound","Right","CO2","5559.72","19.3385","69.7713","146.736","0","-2.00853","3263.88","239.362","0","78.0166","13.1248","20.1803","93.0702","93.7262"
"297","Day 7","16","Sound","Left","CO2","3990.44","14.2518","168.682","59.8463","4.92372","0.197976","718.506","71.4982","7.70821","10.4022","0","83.5645","146.9","164.734"
"299","Day 7","16","Sound","Right","CO2","2598.14","9.04371","48.0919","125.17","10.749","-0.0151518","111.377","17.3509","0","91.4702","67.9156","5.96394","-32.8189","-11.0636"
"301","Day 7","17","Sound","Left","CO2","5612.81","20.5037","115.43","95.0065","2.98197","-4.53782","2252.4","196.162","32.4995","38.6269","0","56.2413","85.8901","81.0135"
"303","Day 7","17","Sound","Right","CO2","4300.06","17.3889","94.2344","99.605","2.0111","0.186862","2920.77","219.699","0","50.7628","12.2915","40.846","110.773","103.252"
"305","Day 7","17","Sound","Left","CO2","4807.15","18.0271","88.0527","112.185","5.54785","-2.42225","3239.3","206.138","12.0831","60.1942","0","32.3162","116.826","111.41"
